instrument,date,events,events_per_s,spread_1tick_share,median_best_queue,mid_changes,mid_changes_per_min,trades
ZN,2026-08-17,869055,37.13919839620299,0.9921731075708672,766.0,3186,8.169251848753145,64798
ZN,2026-08-18,872478,37.28552988528237,0.9918542358661192,758.0,3346,8.579520606558892,64832
ZN,2026-08-19,870328,37.19372639305227,0.9925430412442205,775.0,3046,7.8103030530951925,64824
ZN,2026-08-20,893398,38.179535514542366,0.9924098777924285,768.0,3191,8.182079957213112,66161
ZN,2026-08-21,873376,37.32382334871352,0.9921167973473052,771.0,3248,8.328219110895297,64768
ZN,2026-08-24,870759,37.21195218411843,0.9921068860614705,754.0,3268,8.37949373392861,64987
ZN,2026-08-28,892208,38.128581230636755,0.9924961443968222,777.0,3202,8.21026377933165,66355
ZN,2026-08-31,871060,37.22484944641629,0.9919178931416894,767.0,3286,8.425655312900874,64873
ZN,2026-09-01,870116,37.18449688378424,0.9927297050048499,770.0,3002,7.697446752740115,64431
ZN,2026-09-02,868439,37.112955884596104,0.9924899733890348,760.0,3092,7.928243176216486,64883
ZN,2026-09-03,883025,37.736243945276506,0.9927102856657513,787.0,3054,7.83079679571073,66028
ZN,2026-09-04,870526,37.20222991508091,0.9920186186282777,763.0,3250,8.333392493091278,64671
ZN,2026-09-08,869499,37.1582478462849,0.9921702037610164,771.0,3191,8.182088918618316,64421
ZN,2026-09-09,872017,37.26591231580785,0.9926389049754764,783.0,3052,7.8256890212813905,64730
ZN,2026-09-10,881887,37.68759149937429,0.9923754403908891,762.0,3156,8.092331927244098,65704
ZN,2026-09-11,870738,37.21121631294073,0.9920837266778296,777.0,3300,8.46158181905724,64991
ZN,2026-09-14,870251,37.1902827066451,0.992136751351047,782.0,3236,8.297451298903663,64399
ZN,2026-09-15,871220,37.231644002108546,0.9922051835357315,769.0,3222,8.261542915093344,64749
ZN,2026-09-16,868026,37.09530539524721,0.9919380295060286,759.0,3299,8.459014764460088,64589
