date,strategy,mean_cost
2026-09-02,always_cross,0.49975
2026-09-02,always_post,-0.23825
2026-09-02,model_cost,-0.24975
2026-09-02,model_direction,-0.23875
2026-09-02,new_level,0.31225
2026-09-02,oracle,-0.35025
2026-09-03,always_cross,0.500256937307297
2026-09-03,always_post,-0.27672147995889
2026-09-03,model_cost,-0.28442959917780064
2026-09-03,model_direction,-0.2772353545734841
2026-09-03,new_level,0.29624871531346353
2026-09-03,oracle,-0.3635662898252826
2026-09-04,always_cross,0.50025
2026-09-04,always_post,-0.24875
2026-09-04,model_cost,-0.26175
2026-09-04,model_direction,-0.24775
2026-09-04,new_level,0.27025
2026-09-04,oracle,-0.35775
2026-09-08,always_cross,0.5015
2026-09-08,always_post,-0.2705
2026-09-08,model_cost,-0.2775
2026-09-08,model_direction,-0.235
2026-09-08,new_level,0.2645
2026-09-08,oracle,-0.3685
2026-09-09,always_cross,0.49925
2026-09-09,always_post,-0.25425
2026-09-09,model_cost,-0.27125
2026-09-09,model_direction,-0.23625
2026-09-09,new_level,0.28525
2026-09-09,oracle,-0.35275
2026-09-10,always_cross,0.5
2026-09-10,always_post,-0.2848297213622291
2026-09-10,model_cost,-0.28328173374613
2026-09-10,model_direction,-0.2657378740970072
2026-09-10,new_level,0.29102167182662536
2026-09-10,oracle,-0.3766769865841073
2026-09-11,always_cross,0.50125
2026-09-11,always_post,-0.23575
2026-09-11,model_cost,-0.24575
2026-09-11,model_direction,-0.23375
2026-09-11,new_level,0.27875
2026-09-11,oracle,-0.34175
2026-09-14,always_cross,0.50075
2026-09-14,always_post,-0.26025
2026-09-14,model_cost,-0.27125
2026-09-14,model_direction,-0.26425
2026-09-14,new_level,0.29425
2026-09-14,oracle,-0.35625
2026-09-15,always_cross,0.5
2026-09-15,always_post,-0.268
2026-09-15,model_cost,-0.2645
2026-09-15,model_direction,-0.2555
2026-09-15,new_level,0.284
2026-09-15,oracle,-0.361
2026-09-16,always_cross,0.501
2026-09-16,always_post,-0.272
2026-09-16,model_cost,-0.2755
2026-09-16,model_direction,-0.2445
2026-09-16,new_level,0.299
2026-09-16,oracle,-0.3655
