dimension,bucket,n,always_cross,always_post,model_cost,model_direction,new_level,model_cost_saving_vs_cross,model_cost_saving_vs_post
period,normal,3980,0.5015075376884423,-0.13768844221105528,-0.1886934673366834,-0.1623115577889447,-0.10628140703517588,0.6902010050251256,0.05100502512562814
queue,large,1952,0.5023053278688525,0.04994877049180328,-0.025870901639344263,0.003329918032786885,0.08171106557377049,0.5281762295081968,0.07581967213114754
queue,small,2028,0.5007396449704142,-0.3182938856015779,-0.34541420118343197,-0.3217455621301775,-0.28722879684418146,0.8461538461538461,0.027120315581854043
spread_state,1 tick,3958,0.5005053057099546,-0.13668519454269834,-0.18847902981303688,-0.16195048004042445,-0.10409297625063163,0.6889843355229914,0.051793835270338554
tod,close,957,0.4994775339602926,-0.13688610240334378,-0.18704284221525602,-0.16405433646812956,-0.1180773249738767,0.6865203761755486,0.050156739811912224
tod,midday,2158,0.5004633920296571,-0.1524559777571826,-0.1969416126042632,-0.1603336422613531,-0.09499536607970342,0.6974050046339203,0.04448563484708063
tod,open,865,0.5063583815028901,-0.10173410404624278,-0.1699421965317919,-0.1653179190751445,-0.12138728323699421,0.6763005780346821,0.06820809248554913
vol,high,1322,0.5037821482602118,-0.094553706505295,-0.1838124054462935,-0.16338880484114976,-0.12632375189107414,0.6875945537065052,0.08925869894099848
vol,low,1335,0.5,-0.12921348314606743,-0.18614232209737827,-0.149438202247191,-0.10224719101123596,0.6861423220973782,0.05692883895131086
vol,mid,1323,0.500755857898715,-0.1893424036281179,-0.1961451247165533,-0.17422524565381708,-0.09032501889644746,0.6969009826152683,0.006802721088435374
