dimension,bucket,model,n,auc,accuracy
period,normal,baseline_a,743571,0.6987373742439293,0.6470074814644465
period,normal,lightgbm,743571,0.7363472196972383,0.6721241145768192
period,release,baseline_a,6429,0.6695077610643192,0.6112925804946336
period,release,lightgbm,6429,0.6845628903153881,0.6298024576139368
queue,large,baseline_a,368256,0.7262084169198327,0.667462308828641
queue,large,lightgbm,368256,0.753453608286429,0.6864518161279111
queue,small,baseline_a,375315,0.6723119661432525,0.6269373726070101
queue,small,lightgbm,375315,0.7184135920719786,0.6580658913179596
spread_state,1 tick,baseline_a,723044,0.7038192424107974,0.6509811297791006
spread_state,1 tick,lightgbm,723044,0.7393963023468733,0.675113824331576
spread_state,wider,baseline_a,20527,0.510930459592272,0.5070395089394456
spread_state,wider,lightgbm,20527,0.5964518241472989,0.5668144395186827
tod,close,baseline_a,184068,0.7063078054012497,0.6541332551013755
tod,close,lightgbm,184068,0.7501523865917276,0.6841058739161614
tod,midday,baseline_a,363605,0.6953849939633142,0.6441028038668335
tod,midday,lightgbm,363605,0.7287754766134757,0.6653181336890307
tod,open,baseline_a,195898,0.6978472616581561,0.6457033762468223
tod,open,lightgbm,195898,0.7373630580252364,0.6734984532767052
vol,high,baseline_a,238652,0.70089182798815,0.6492843135611686
vol,high,lightgbm,238652,0.7431418515977096,0.6774005665152607
vol,low,baseline_a,253176,0.692926882281579,0.6416800960596581
vol,low,lightgbm,253176,0.7271278571149322,0.6651499352229279
vol,mid,baseline_a,251743,0.7026103156940754,0.6502067584798783
vol,mid,lightgbm,251743,0.7390305792503298,0.6741359243355327
