fold,test_day,train_days,model,n,log_loss,brier,auc,accuracy
0,2026-08-28,5,baseline_a,143571.0,0.6603475379063367,0.23386508288586502,0.6589769166769568,0.6115162532823482
0,2026-08-28,5,baseline_b,143571.0,0.6578699104824923,0.23276455054393183,0.6634577797120876,0.6154655188025437
0,2026-08-28,5,lightgbm,143571.0,0.6616895139081216,0.2321894548104191,0.6701344405296272,0.6261431626164058
1,2026-08-31,6,baseline_a,150000.0,0.6573019198153633,0.23249158890561278,0.6572470453554766,0.6131066666666667
1,2026-08-31,6,baseline_b,150000.0,0.6558877502487872,0.23172313237463735,0.6604804657645246,0.6129066666666667
1,2026-08-31,6,lightgbm,150000.0,0.651223511249014,0.22962867015649546,0.6690816273774949,0.6220533333333333
2,2026-09-01,7,baseline_a,150000.0,0.656935297784471,0.2324055453709645,0.6494562126289166,0.60886
2,2026-09-01,7,baseline_b,150000.0,0.6550956948961005,0.23158612639967255,0.6531600001723344,0.6124333333333334
2,2026-09-01,7,lightgbm,150000.0,0.661411723017067,0.23345228166371196,0.6469703802084581,0.60584
3,2026-09-02,8,baseline_a,150000.0,0.6637306859836681,0.23547246599328378,0.6549603430209989,0.6020266666666667
3,2026-09-02,8,baseline_b,150000.0,0.6620516035302632,0.23479034113353,0.6574400328354173,0.6084066666666667
3,2026-09-02,8,lightgbm,150000.0,0.6612677862412342,0.23451849251717005,0.6575069241376955,0.59144
4,2026-09-03,9,baseline_a,144350.0,0.6562613645923979,0.23188325388361067,0.6762103845321493,0.6260200900588847
4,2026-09-03,9,baseline_b,144350.0,0.6552075911777197,0.23148386708266236,0.6789301109429858,0.6204987876688605
4,2026-09-03,9,lightgbm,144350.0,0.6576967003614509,0.2309717380729203,0.6833241490823504,0.6217803948735712
5,2026-09-04,10,baseline_a,150000.0,0.6448880004083969,0.22660943305075484,0.6754537137284351,0.6330666666666667
5,2026-09-04,10,baseline_b,150000.0,0.643861227565243,0.22599777723080178,0.6784767173572994,0.63356
5,2026-09-04,10,lightgbm,150000.0,0.6456901887091105,0.22702884119127606,0.6748394055025737,0.6321533333333333
6,2026-09-08,11,baseline_a,150000.0,0.6546127697650473,0.23117466967984665,0.6655396200667146,0.6181866666666667
6,2026-09-08,11,baseline_b,150000.0,0.6526980135854141,0.23036399964664617,0.669496724940075,0.6199
6,2026-09-08,11,lightgbm,150000.0,0.6500703428924762,0.22928846172181108,0.674296979269976,0.6237533333333334
7,2026-09-09,12,baseline_a,150000.0,0.6622778959174082,0.2348809103899059,0.654689580568178,0.5968866666666667
7,2026-09-09,12,baseline_b,150000.0,0.6590239931774722,0.23343571571066044,0.6597947710551642,0.6081466666666666
7,2026-09-09,12,lightgbm,150000.0,0.6544861817383024,0.23106071658336344,0.6683936581273038,0.61516
8,2026-09-10,13,baseline_a,144532.0,0.6569065731776287,0.23235105748945734,0.6523203430715203,0.6118022306478842
8,2026-09-10,13,baseline_b,144532.0,0.6562353993770405,0.23178314452706267,0.6557423952356016,0.6118160684139152
8,2026-09-10,13,lightgbm,144532.0,0.6494341680278104,0.22885410178663784,0.6668934308070108,0.6191570032933883
9,2026-09-11,14,baseline_a,150000.0,0.6461795804736153,0.22734727727557222,0.6713560996506387,0.6232133333333333
9,2026-09-11,14,baseline_b,150000.0,0.6442273371311732,0.22655943504452977,0.6743597771661134,0.6244066666666667
9,2026-09-11,14,lightgbm,150000.0,0.64122115660283,0.22459203668899014,0.6822240057676731,0.62678
10,2026-09-14,15,baseline_a,150000.0,0.6669933519805855,0.23695892522044232,0.6379236441746137,0.5928733333333334
10,2026-09-14,15,baseline_b,150000.0,0.6649437013214551,0.23587913284163758,0.6428765494170681,0.5990133333333333
10,2026-09-14,15,lightgbm,150000.0,0.6636056173380109,0.23430629132791622,0.650389533163015,0.60444
11,2026-09-15,16,baseline_a,150000.0,0.6642554471207405,0.23588578778809946,0.6452815695093673,0.59026
11,2026-09-15,16,baseline_b,150000.0,0.6617380772368414,0.2347917169421889,0.6495481123311866,0.5992066666666667
11,2026-09-15,16,lightgbm,150000.0,0.6534875830910514,0.23085600707198323,0.6656610137601252,0.61184
12,2026-09-16,17,baseline_a,150000.0,0.6466996875102087,0.22746738744613826,0.6797620056188677,0.6257333333333334
12,2026-09-16,17,baseline_b,150000.0,0.6445646393410115,0.22642616106852267,0.6837446351562726,0.6336
12,2026-09-16,17,lightgbm,150000.0,0.6389009111927463,0.22343049849924482,0.6948571648152418,0.63592
