model,sample,n,log_loss,brier,auc,accuracy
baseline_a,out_of_sample,1932453.0,0.6567110820765619,0.23220997003407848,0.6539771847958766,0.6117711530370984
baseline_a,release_windows_oos,17547.0,0.6349619738120817,0.22207640169168272,0.6971282204971055,0.6394825326266599
baseline_a,in_sample,1650000.0,0.6579429304126685,0.2328076763051842,0.6557024189422032,0.6103055556450002
baseline_b,out_of_sample,1932453.0,0.6548625385208396,0.23134640154416933,0.6569444809885039,0.6153298424334253
baseline_b,release_windows_oos,17547.0,0.630574333074232,0.22022533180402962,0.6992543868084807,0.6470051860716932
baseline_b,in_sample,1650000.0,0.6559363767900059,0.2318979819279372,0.6594290082125849,0.6127260614287673
lightgbm,out_of_sample,1932453.0,0.6530594603763455,0.23000690224296966,0.663223282930115,0.6181495746597718
lightgbm,release_windows_oos,17547.0,0.6528221762109856,0.22541154991438156,0.6780703468489191,0.6445546247221747
lightgbm,in_sample,1650000.0,0.6202004827004735,0.21569818679447422,0.7222108544403874,0.6548120235739207
