fold,queue_model,latency_ms,deadline_s,theta
0,pessimistic,0,5,0.8
0,pessimistic,0,15,0.8
0,pessimistic,0,30,0.8
0,pessimistic,1,5,0.8
0,pessimistic,1,15,0.8
0,pessimistic,1,30,0.8
0,pessimistic,10,5,0.8
0,pessimistic,10,15,0.8
0,pessimistic,10,30,0.8
0,pessimistic,100,5,0.8
0,pessimistic,100,15,0.8
0,pessimistic,100,30,0.8
0,proportional,0,5,0.8
0,proportional,0,15,0.8
0,proportional,0,30,0.8
0,proportional,1,5,0.8
0,proportional,1,15,0.8
0,proportional,1,30,0.8
0,proportional,10,5,0.8
0,proportional,10,15,0.8
0,proportional,10,30,0.8
0,proportional,100,5,0.8
0,proportional,100,15,0.8
0,proportional,100,30,0.8
0,optimistic,0,5,0.8
0,optimistic,0,15,0.8
0,optimistic,0,30,0.8
0,optimistic,1,5,0.8
0,optimistic,1,15,0.8
0,optimistic,1,30,0.8
0,optimistic,10,5,0.8
0,optimistic,10,15,0.8
0,optimistic,10,30,0.8
0,optimistic,100,5,0.8
0,optimistic,100,15,0.8
0,optimistic,100,30,0.8
0,exact,0,5,0.8
0,exact,0,15,0.8
0,exact,0,30,0.8
0,exact,1,5,0.8
0,exact,1,15,0.8
0,exact,1,30,0.8
0,exact,10,5,0.8
0,exact,10,15,0.8
0,exact,10,30,0.8
0,exact,100,5,0.8
0,exact,100,15,0.8
0,exact,100,30,0.8
