fee_per_side_usd,strategy,mean_cost_usd,saving_vs_always_cross_usd
1.0,always_cross,8.818786461476565,0.0
1.0,always_post,-3.07519865218266,11.893985113659223
1.0,model_cost,-3.193855612552806,12.01264207402937
1.0,model_direction,-2.9023209615771473,11.721107423053711
1.0,new_level,5.4924625326896,3.326323928786965
1.0,oracle,-4.6145959062562865,13.433382367732852
2.5,always_cross,10.318786461476565,0.0
2.5,always_post,-1.5751986521826602,11.893985113659223
2.5,model_cost,-1.693855612552806,12.01264207402937
2.5,model_direction,-1.4023209615771473,11.721107423053711
2.5,new_level,6.9924625326896,3.326323928786965
2.5,oracle,-3.1145959062562865,13.433382367732852
4.0,always_cross,11.818786461476565,0.0
4.0,always_post,-0.0751986521826602,11.893985113659223
4.0,model_cost,-0.19385561255280592,12.01264207402937
4.0,model_direction,0.09767903842285275,11.721107423053711
4.0,new_level,8.4924625326896,3.326323928786965
4.0,oracle,-1.6145959062562865,13.433382367732852
