queue_model,latency_ms,deadline_s,strategy,vs,n,test_days,saving_ticks,ci95_lo,ci95_hi,hac_t,saving_usd
exact,0,5,model_cost,always_cross,19884,10,0.2583484208408771,0.2500238241054036,0.26664328405590004,59.737051,4.036694075638705
exact,0,5,model_cost,always_post,19884,10,0.024944679139006234,0.02010207685474176,0.02973056996090266,12.273073,0.3897606115469724
exact,0,5,model_direction,always_cross,19884,10,0.25472741903037616,0.24646368755642492,0.2638180057353343,56.344796,3.9801159223496274
exact,0,5,model_direction,always_post,19884,10,0.02132367732850533,0.017864146947642958,0.0242506313321296,12.017223,0.3331824582578958
exact,0,5,always_post,always_cross,19884,10,0.23340374170187084,0.22690214665462935,0.24134808443660938,47.383145,3.646933464091732
exact,0,5,new_level,always_cross,19884,10,0.07111245222289278,0.06693824180245424,0.0751393625348568,29.18818,1.1111320659826998
exact,0,5,new_level,always_post,19884,10,-0.16229128947897808,-0.16920595594483878,-0.15603861882035094,-38.335867,-2.5358013981090326
exact,0,5,oracle,always_cross,19884,10,0.2892275196137598,0.28239969623818145,0.2969520191394731,62.135108,4.519179993964997
exact,0,5,oracle,always_post,19884,10,0.05582377791188896,0.051639401528694784,0.060437687246880534,29.625252,0.872246529873265
exact,0,15,model_cost,always_cross,19884,10,0.6574129953731643,0.6513586684046927,0.6635137854699135,132.611314,10.272078052705693
exact,0,15,model_cost,always_post,19884,10,0.018105009052504527,0.013634338973097827,0.022620122379376065,5.417779,0.28289076644538325
exact,0,15,model_direction,always_cross,19884,10,0.642074029370348,0.6353995264427911,0.6508105361400677,112.28951,10.032406708911687
exact,0,15,model_direction,always_post,19884,10,0.0027660430496881916,-0.0026727450710720265,0.008427504792654613,1.213335,0.043219422651377994
exact,0,15,always_post,always_cross,19884,10,0.6393079863206599,0.6318619040008465,0.6475202856964507,100.589529,9.98918728626031
exact,0,15,new_level,always_cross,19884,10,0.21283443975055322,0.20475164706218957,0.22090499792294258,46.17404,3.325538121102394
exact,0,15,new_level,always_post,19884,10,-0.4264735465701066,-0.43769566334200294,-0.41559875,-63.839162,-6.663649165157916
exact,0,15,oracle,always_cross,19884,10,0.7531683765841883,0.7475354413834707,0.7599172751937145,171.312792,11.768255884127942
exact,0,15,oracle,always_post,19884,10,0.11386039026352847,0.10921636397329852,0.11914353986527247,34.308917,1.7790685978676324
exact,0,30,model_cost,always_cross,19884,10,0.7537718768859385,0.7462494151237673,0.7601087898957329,158.829454,11.777685576342789
exact,0,30,model_cost,always_post,19884,10,0.006487628243814122,-0.00025430469399501175,0.01367934017300342,1.383226,0.10136919130959565
exact,0,30,model_direction,always_cross,19884,10,0.7392878696439348,0.7299480162689261,0.7479459022318008,120.756265,11.55137296318648
exact,0,30,model_direction,always_post,19884,10,-0.007996378998189498,-0.016201287970838394,-0.00035190026141162275,-2.41128,-0.12494342184671091
exact,0,30,always_post,always_cross,19884,10,0.7472842486421243,0.7377496746163106,0.7560823001386926,104.183096,11.676316385033193
exact,0,30,new_level,always_cross,19884,10,0.3591329712331523,0.34949334142845767,0.3697061380352289,56.846617,5.611452675518005
exact,0,30,new_level,always_post,19884,10,-0.38815127740897204,-0.4007449900640996,-0.3764995901227117,-40.766354,-6.064863709515188
exact,0,30,oracle,always_cross,19884,10,0.8921243210621606,0.8880477288679435,0.8964202821222401,319.841591,13.939442516596259
exact,0,30,oracle,always_post,19884,10,0.14484007242003621,0.1393202581551949,0.15062427655401328,30.694875,2.263126131563066
exact,1,5,model_cost,always_cross,19884,10,0.2581975457654396,0.2498485081967739,0.26652999297823254,59.640405,4.034336652584994
exact,1,5,model_cost,always_post,19884,10,0.024844095755381213,0.019872388951794193,0.029633933138997745,12.246745,0.3881889961778314
exact,1,5,model_direction,always_cross,19884,10,0.2545765439549386,0.24634357983945376,0.2635852058046435,56.310846,3.977758499295916
exact,1,5,model_direction,always_post,19884,10,0.021223093944880304,0.01765697053753189,0.024240830567290282,11.953459,0.33161084288875475
exact,1,5,always_post,always_cross,19884,10,0.23335345001005833,0.22686905246575836,0.2412038966010809,47.396181,3.6461476564071615
exact,1,5,new_level,always_cross,19884,10,0.07101186883926776,0.06688795011064172,0.07498528968014484,29.173283,1.1095604506135588
exact,1,5,new_level,always_post,19884,10,-0.1623415811707906,-0.16939025307816732,-0.1559705939787426,-38.354138,-2.536587205793603
exact,1,5,oracle,always_cross,19884,10,0.2891269362301348,0.28231224305625185,0.2967524817005916,62.098659,4.517608378595856
exact,1,5,oracle,always_post,19884,10,0.05577348622007644,0.05161738627452707,0.060374970815839535,29.628949,0.8714607221886944
exact,1,15,model_cost,always_cross,19884,10,0.6572118286059143,0.6512074763902368,0.6633134096657778,132.508427,10.268934821967411
exact,1,15,model_cost,always_post,19884,10,0.017954133977066987,0.013374165584406425,0.022561140779774363,5.370729,0.2805333433916717
exact,1,15,model_direction,always_cross,19884,10,0.6419231542949105,0.6352955122141873,0.6506578947368421,112.118296,10.030049285857977
exact,1,15,model_direction,always_post,19884,10,0.0026654596660631662,-0.002724889642821108,0.008350565150907447,1.171157,0.04164780728223697
exact,1,15,always_post,always_cross,19884,10,0.6392576946288473,0.6318676785714286,0.6475302128494023,100.530045,9.988401478575739
exact,1,15,new_level,always_cross,19884,10,0.21278414805874069,0.20462311345472425,0.22088158267954133,46.16926,3.3247523134178234
exact,1,15,new_level,always_post,19884,10,-0.4264735465701066,-0.4377562032359148,-0.41554914192458914,-63.812717,-6.663649165157916
exact,1,15,oracle,always_cross,19884,10,0.7531683765841883,0.7475231273194195,0.7599172751937145,171.21003,11.768255884127942
exact,1,15,oracle,always_post,19884,10,0.11391068195534097,0.10932758899389082,0.11912052362323201,34.308289,1.7798544055522028
exact,1,30,model_cost,always_cross,19884,10,0.7534198350432508,0.7459994166163749,0.7597642827940311,158.561947,11.772184922550794
exact,1,30,model_cost,always_post,19884,10,0.006336753168376584,-0.0005532086099376383,0.013738022431326692,1.348472,0.09901176825588412
exact,1,30,model_direction,always_cross,19884,10,0.7389861194930597,0.7296987500000001,0.747544622175374,120.5161,11.546658117079058
exact,1,30,model_direction,always_post,19884,10,-0.008096962381814524,-0.01630517479965666,-0.0004500551935389516,-2.44294,-0.12651503721585194
exact,1,30,always_post,always_cross,19884,10,0.7470830818748743,0.7373314631660333,0.7560729689200308,104.055835,11.67317315429491
exact,1,30,new_level,always_cross,19884,10,0.3591832629249648,0.349568155613198,0.3697057304722751,56.860326,5.6122384832025745
exact,1,30,new_level,always_post,19884,10,-0.3878998189499095,-0.4006240763082514,-0.376179329301584,-40.736267,-6.060934671092336
exact,1,30,oracle,always_cross,19884,10,0.892074029370348,0.8879940445907902,0.8964158511343975,319.608186,13.938656708911687
exact,1,30,oracle,always_post,19884,10,0.14499094749547375,0.139426367056437,0.15087507543753773,30.679447,2.2654835546167775
exact,10,5,model_cost,always_cross,19884,10,0.25729229531281433,0.2490708795028551,0.2657664129817402,59.47653,4.020192114262724
exact,10,5,model_cost,always_post,19884,10,0.024542345604506136,0.01970257536810335,0.02931161897007349,12.034682,0.38347415007040836
exact,10,5,model_direction,always_cross,19884,10,0.25336954335143835,0.24487024743512373,0.2628246241209606,56.265693,3.9588991148662243
exact,10,5,model_direction,always_post,19884,10,0.020619593643130155,0.017145269200525632,0.023569396599921598,11.504625,0.3221811506739087
exact,10,5,always_post,always_cross,19884,10,0.23274994970830817,0.22591027155335097,0.2408014937242045,47.260551,3.6367179641923153
exact,10,5,new_level,always_cross,19884,10,0.06935224300945483,0.06505230526159135,0.07365738640436763,28.164179,1.0836287970227318
exact,10,5,new_level,always_post,19884,10,-0.16339770669885334,-0.1705612360171901,-0.1569734928594068,-38.977533,-2.5530891671695835
exact,10,5,oracle,always_cross,19884,10,0.28852343592838464,0.2814488625012612,0.29670219183591395,62.057471,4.50817868638101
exact,10,5,oracle,always_post,19884,10,0.05577348622007644,0.0517688520680761,0.060262984005294874,29.54965,0.8714607221886944
exact,10,15,model_cost,always_cross,19884,10,0.6567089116877892,0.6507570440188509,0.6627044458442555,131.95756,10.261076745121706
exact,10,15,model_cost,always_post,19884,10,0.0176020921343794,0.01313141477158382,0.02195,5.253074,0.27503268959967814
exact,10,15,model_direction,always_cross,19884,10,0.6414202373767853,0.6347266153652752,0.6500304442175238,112.037396,10.02219120901227
exact,10,15,model_direction,always_post,19884,10,0.0023134178233755786,-0.0030277227021686228,0.00787132699515611,1.012767,0.03614715349024342
exact,10,15,always_post,always_cross,19884,10,0.6391068195534098,0.6320725459428633,0.6471168742405833,100.346202,9.986044055522028
exact,10,15,new_level,always_cross,19884,10,0.21097364715349023,0.2025493660732247,0.21933067549653473,45.661188,3.296463236773285
exact,10,15,new_level,always_post,19884,10,-0.42813317239991955,-0.43949820177181437,-0.4172776324614972,-64.184713,-6.689580818748743
exact,10,15,oracle,always_cross,19884,10,0.7530677932005633,0.7475550671690695,0.7596599186117281,170.649127,11.766684268758802
exact,10,15,oracle,always_post,19884,10,0.11396097364715349,0.10941910575632806,0.11902135766569738,34.27689,1.7806402132367734
exact,10,30,model_cost,always_cross,19884,10,0.7532689599678133,0.7460640144640529,0.7593545133635905,158.040165,11.769827499497083
exact,10,30,model_cost,always_post,19884,10,0.006035003017501509,-0.0007523322299127295,0.013236634751351265,1.286358,0.09429692214846107
exact,10,30,model_direction,always_cross,19884,10,0.7387849527258097,0.7292171687305726,0.7474362625078618,120.343741,11.543514886340777
exact,10,30,model_direction,always_post,19884,10,-0.008449004224502113,-0.016794339017003366,-0.0009540429692252429,-2.53815,-0.13201569100784552
exact,10,30,always_post,always_cross,19884,10,0.7472339569503118,0.7377396055600121,0.7561661409135535,104.0456,11.675530577348622
exact,10,30,new_level,always_cross,19884,10,0.3575236370951519,0.34780607963064925,0.36838282955507856,56.44797,5.586306829611749
exact,10,30,new_level,always_post,19884,10,-0.3897103198551599,-0.4023310390679051,-0.37807199246874174,-40.976588,-6.089223747736874
exact,10,30,oracle,always_cross,19884,10,0.8922751961375981,0.8880978642334303,0.8966312682877611,319.340517,13.94179993964997
exact,10,30,oracle,always_post,19884,10,0.14504123918728626,0.13959111088689335,0.15090851386242854,30.701602,2.266269362301348
exact,100,5,model_cost,always_cross,19884,10,0.24984912492456246,0.24164622784635384,0.25849914956890746,59.344341,3.9038925769462884
exact,100,5,model_cost,always_post,19884,10,0.023184469925568295,0.01885814691930291,0.028100930634968397,11.418032,0.3622573425870046
exact,100,5,model_direction,always_cross,19884,10,0.2452222892778113,0.23690827338310969,0.25481659476711155,55.351332,3.8315982699658018
exact,100,5,model_direction,always_post,19884,10,0.01855763427881714,0.01571970902224184,0.02115,10.534753,0.2899630356065178
exact,100,5,always_post,always_cross,19884,10,0.22666465499899416,0.21984452993811057,0.23532967749172923,46.933419,3.541635234359284
exact,100,5,new_level,always_cross,19884,10,0.05823777911888956,0.054041343264789446,0.06260317446474645,23.466964,0.9099652987326494
exact,100,5,new_level,always_post,19884,10,-0.1684268758801046,-0.17599811542994287,-0.16188621128788125,-41.106604,-2.6316699356266344
exact,100,5,oracle,always_cross,19884,10,0.2830416415208208,0.2760006642255151,0.29162550762884754,61.965904,4.422525648762825
exact,100,5,oracle,always_post,19884,10,0.05637698652182659,0.05235703487229472,0.060765698789898626,29.178111,0.8808904144035405
exact,100,15,model_cost,always_cross,19884,10,0.6520820760410381,0.6469457225048307,0.6572241221857761,132.864222,10.188782438141219
exact,100,15,model_cost,always_post,19884,10,0.01543954938644136,0.010134784700954198,0.020318771364639863,4.585639,0.24124295916314625
exact,100,15,model_direction,always_cross,19884,10,0.6369945684972842,0.631555069061466,0.643993644706492,112.286431,9.953040132770065
exact,100,15,model_direction,always_post,19884,10,0.000352041842687588,-0.00471525723692008,0.005381631812814189,0.155501,0.005500653791993562
exact,100,15,always_post,always_cross,19884,10,0.6366425266545966,0.6303538620986899,0.6441405863167018,100.485694,9.947539478978072
exact,100,15,new_level,always_cross,19884,10,0.20192114262723798,0.19341528451658394,0.21067275906638053,42.673595,3.1550178535505933
exact,100,15,new_level,always_post,19884,10,-0.43472138402735866,-0.4456451256805654,-0.4243360924430431,-65.957683,-6.792521625427479
exact,100,15,oracle,always_cross,19884,10,0.7508549587608128,0.745474311280917,0.7569804891410912,171.65061,11.7321087306377
exact,100,15,oracle,always_post,19884,10,0.11421243210621605,0.11007844818888105,0.1190190187445314,34.217036,1.7845692516596259
exact,100,30,model_cost,always_cross,19884,10,0.7497485415409374,0.7427989499094749,0.755767547547945,155.737605,11.714820961577146
exact,100,30,model_cost,always_post,19884,10,0.0024140012070006035,-0.00519670697498543,0.010182023773698463,0.511114,0.03771876885938443
exact,100,30,model_direction,always_cross,19884,10,0.736069201367934,0.7274137912860259,0.7436553951461905,118.943377,11.501081271373968
exact,100,30,model_direction,always_post,19884,10,-0.011265338966002816,-0.019636338129572575,-0.0036295655169963003,-3.398447,-0.176020921343794
exact,100,30,always_post,always_cross,19884,10,0.7473345403339369,0.7379424446004211,0.7564779801797795,103.402699,11.677102192717763
exact,100,30,new_level,always_cross,19884,10,0.3531482599074633,0.34237408363902627,0.3649356431824103,53.688098,5.517941561054114
exact,100,30,new_level,always_post,19884,10,-0.3941862804264735,-0.4083523241719727,-0.38158290701173636,-40.908124,-6.1591606316636485
exact,100,30,oracle,always_cross,19884,10,0.891973445986723,0.88805,0.8963078245463044,314.699495,13.937085093542548
exact,100,30,oracle,always_post,19884,10,0.14463890565278617,0.1388050694025347,0.15075873751202276,30.51913,2.259982900824784
optimistic,0,5,model_cost,always_cross,19884,10,0.5530577348622008,0.5475064664620113,0.5588018667248197,92.814191,8.641527107221886
optimistic,0,5,model_cost,always_post,19884,10,0.010913297123315228,0.007763779432660104,0.013752005381211014,6.99141,0.17052026755180044
optimistic,0,5,model_direction,always_cross,19884,10,0.5433514383423859,0.5373006941241352,0.5496050255792958,89.240741,8.48986622409978
optimistic,0,5,model_direction,always_post,19884,10,0.0012070006035003018,-0.0015606782048701953,0.004713044191769012,0.995434,0.018859384429692216
optimistic,0,5,always_post,always_cross,19884,10,0.5421444377388855,0.5356498117333601,0.5492004589006556,85.377688,8.471006839670087
optimistic,0,5,new_level,always_cross,19884,10,0.07463287064976866,0.07008825992680236,0.07931045736900809,30.701782,1.1661386039026354
optimistic,0,5,new_level,always_post,19884,10,-0.4675115670891169,-0.4754746200722239,-0.4600341845968228,-81.335791,-7.304868235767452
optimistic,0,5,oracle,always_cross,19884,10,0.5914805874069604,0.5846761081170699,0.5983058760908817,98.145589,9.241884178233757
optimistic,0,5,oracle,always_post,19884,10,0.049336149668074834,0.04558727418079985,0.05338844348875283,28.093412,0.7708773385636692
optimistic,0,15,model_cost,always_cross,19884,10,0.8769865218265942,0.8672876297773097,0.8857795436655447,245.452825,13.702914403540534
optimistic,0,15,model_cost,always_post,19884,10,-0.0006537919935626635,-0.0038206314096119044,0.002070176125781985,-0.349055,-0.010215499899416617
optimistic,0,15,model_direction,always_cross,19884,10,0.8524441762220881,0.84349948933387,0.8635958067843464,217.350822,13.319440253470127
optimistic,0,15,model_direction,always_post,19884,10,-0.0251961375980688,-0.03689413884593666,-0.013199410581371961,-11.164698,-0.393689649969825
optimistic,0,15,always_post,always_cross,19884,10,0.877640313820157,0.8680911147938905,0.8865286901665487,213.68709,13.713129903439953
optimistic,0,15,new_level,always_cross,19884,10,0.2176624421645544,0.20961593884461768,0.2254983345950283,47.659042,3.400975658821163
optimistic,0,15,new_level,always_post,19884,10,-0.6599778716556025,-0.6719616742309632,-0.6470931272126275,-107.699142,-10.312154244618789
optimistic,0,15,oracle,always_cross,19884,10,0.9446791390062361,0.9405049285857976,0.9486433835992434,522.934524,14.76061154697244
optimistic,0,15,oracle,always_post,19884,10,0.06703882518607926,0.06177508825012607,0.07262575947938608,27.617129,1.0474816435324885
optimistic,0,30,model_cost,always_cross,19884,10,0.8791490645745322,0.8704471802588023,0.8869397511129098,246.683308,13.736704133977065
optimistic,0,30,model_cost,always_post,19884,10,-0.0004023335345001006,-0.005615542015724781,0.004959514170040486,-0.15562,-0.006286461476564071
optimistic,0,30,model_direction,always_cross,19884,10,0.8567189700261517,0.8474524722144743,0.8675163755391704,206.856049,13.386233906658621
optimistic,0,30,model_direction,always_post,19884,10,-0.022832428082880708,-0.033452600436352696,-0.011758184024810419,-9.083443,-0.35675668879501105
optimistic,0,30,always_post,always_cross,19884,10,0.8795513981090324,0.8711982041829672,0.8874444528940104,194.492108,13.74299059545363
optimistic,0,30,new_level,always_cross,19884,10,0.3644135988734661,0.35505763316880945,0.3752439823321576,58.156096,5.693962482397907
optimistic,0,30,new_level,always_post,19884,10,-0.5151377992355662,-0.528139939338211,-0.5023571249623834,-64.983116,-8.049028113055723
optimistic,0,30,oracle,always_cross,19884,10,0.9529772681553007,0.9502151925198035,0.9556628206289726,574.290196,14.890269814926574
optimistic,0,30,oracle,always_post,19884,10,0.07342587004626835,0.067966181876266,0.07900916763209158,24.466796,1.147279219472943
optimistic,1,5,model_cost,always_cross,19884,10,0.5530074431703883,0.5475341579292268,0.5587,92.863723,8.640741299537318
optimistic,1,5,model_cost,always_post,19884,10,0.010963588815127741,0.007843516175541264,0.013842913030394222,7.023909,0.17130607523637095
optimistic,1,5,model_direction,always_cross,19884,10,0.5433011466505733,0.53744875,0.5492577487925135,89.289455,8.489080416415208
optimistic,1,5,model_direction,always_post,19884,10,0.0012572922953128143,-0.0015178155339805825,0.004740856667010002,1.037154,0.019645192114262723
optimistic,1,5,always_post,always_cross,19884,10,0.5420438543552605,0.5356916722803137,0.548884824485294,85.396364,8.469435224300945
optimistic,1,5,new_level,always_cross,19884,10,0.07463287064976866,0.0701166607559339,0.07925070254373617,30.716738,1.1661386039026354
optimistic,1,5,new_level,always_post,19884,10,-0.46741098370549183,-0.4754462356238726,-0.45985,-81.301314,-7.30329662039831
optimistic,1,5,oracle,always_cross,19884,10,0.5913297123315229,0.5846855496490814,0.5979597512754421,98.106599,9.239526755180044
optimistic,1,5,oracle,always_post,19884,10,0.04928585797626232,0.045578472989572474,0.05329404617467161,28.105553,0.7700915308790988
optimistic,1,15,model_cost,always_cross,19884,10,0.8770871052102193,0.8673800384731443,0.8858384918249096,245.45626,13.704486018909677
optimistic,1,15,model_cost,always_post,19884,10,-0.0006537919935626635,-0.0038206314096119044,0.002070176125781985,-0.349055,-0.010215499899416617
optimistic,1,15,model_direction,always_cross,19884,10,0.8525447596057132,0.843699520527269,0.8636462190425293,217.325146,13.32101186883927
optimistic,1,15,model_direction,always_post,19884,10,-0.0251961375980688,-0.03689413884593666,-0.013199410581371961,-11.164698,-0.393689649969825
optimistic,1,15,always_post,always_cross,19884,10,0.8777408972037819,0.8681312327944015,0.8865899367016408,213.615728,13.714701518809091
optimistic,1,15,new_level,always_cross,19884,10,0.2176624421645544,0.20948118313426034,0.22564928035117235,47.667203,3.400975658821163
optimistic,1,15,new_level,always_post,19884,10,-0.6600784550392276,-0.6719764128321978,-0.6470936223359295,-107.650016,-10.313725859987931
optimistic,1,15,oracle,always_cross,19884,10,0.9447294306980487,0.9405155983549002,0.9486938884666574,521.258764,14.761397354657012
optimistic,1,15,oracle,always_post,19884,10,0.06698853349426674,0.06177508825012607,0.07252670628949742,27.622248,1.046695835847918
optimistic,1,30,model_cost,always_cross,19884,10,0.8792496479581573,0.870546233448691,0.8870396600566572,246.697407,13.738275749346208
optimistic,1,30,model_cost,always_post,19884,10,-0.000352041842687588,-0.005517421975144867,0.004959661133725073,-0.136087,-0.005500653791993562
optimistic,1,30,model_direction,always_cross,19884,10,0.8567692617179642,0.8476253750771627,0.8675161812297735,206.768936,13.387019714343191
optimistic,1,30,model_direction,always_post,19884,10,-0.022832428082880708,-0.033452600436352696,-0.011758184024810419,-9.083443,-0.35675668879501105
optimistic,1,30,always_post,always_cross,19884,10,0.8796016898008449,0.8712,0.887494941319304,194.40382,13.7437764031382
optimistic,1,30,new_level,always_cross,19884,10,0.36451418225709115,0.35511701108878996,0.3752461419130259,58.199892,5.695534097767049
optimistic,1,30,new_level,always_post,19884,10,-0.5150875075437538,-0.5280001711398874,-0.5024543098240123,-64.977674,-8.048242305371152
optimistic,1,30,oracle,always_cross,19884,10,0.9530275598471133,0.9502456552473061,0.9556930195131764,573.08511,14.891055622611145
optimistic,1,30,oracle,always_post,19884,10,0.07342587004626835,0.067966181876266,0.07900916763209158,24.469087,1.147279219472943
optimistic,10,5,model_cost,always_cross,19884,10,0.5523536511768256,0.547,0.5580948822383135,92.426395,8.6305257996379
optimistic,10,5,model_cost,always_post,19884,10,0.010963588815127741,0.007744842669425156,0.013842913030394222,6.994923,0.17130607523637095
optimistic,10,5,model_direction,always_cross,19884,10,0.5424461878897606,0.5366119143093591,0.5486006620523624,88.663672,8.47572168577751
optimistic,10,5,model_direction,always_post,19884,10,0.001056125528062764,-0.0018172795768073126,0.004539481049406579,0.866946,0.01650196137598069
optimistic,10,5,always_post,always_cross,19884,10,0.5413900623616978,0.5349932992301605,0.5484013382974442,84.801921,8.459219724401528
optimistic,10,5,new_level,always_cross,19884,10,0.07342587004626835,0.0688210717779449,0.07826209057161729,29.997034,1.147279219472943
optimistic,10,5,new_level,always_post,19884,10,-0.4679641923154295,-0.47588488920084226,-0.4604341974160467,-81.490363,-7.311940504928586
optimistic,10,5,oracle,always_cross,19884,10,0.5906256286461476,0.5839852787620544,0.5975078930301807,97.629118,9.228525447596057
optimistic,10,5,oracle,always_post,19884,10,0.049235566284449805,0.045619518096582316,0.05304411352692922,28.06072,0.7693057231945282
optimistic,10,15,model_cost,always_cross,19884,10,0.8769865218265942,0.867187326587421,0.8857421260137484,243.324859,13.702914403540534
optimistic,10,15,model_cost,always_post,19884,10,-0.0007543753771876886,-0.0034687660378718587,0.0017055185750561978,-0.404432,-0.011787115268557634
optimistic,10,15,model_direction,always_cross,19884,10,0.8521927177630255,0.8430399368382345,0.8636748558132475,215.720483,13.315511215047273
optimistic,10,15,model_direction,always_post,19884,10,-0.025548179440756387,-0.037246405743454614,-0.013436068044553126,-11.324088,-0.3991903037618185
optimistic,10,15,always_post,always_cross,19884,10,0.8777408972037819,0.8678877048534499,0.8869342994107894,213.341428,13.714701518809091
optimistic,10,15,new_level,always_cross,19884,10,0.21635485817742908,0.20830818748742708,0.22450616664995487,47.228981,3.3805446590223296
optimistic,10,15,new_level,always_post,19884,10,-0.6613860390263528,-0.6736782777868359,-0.6480436960614203,-108.001216,-10.334156859786763
optimistic,10,15,oracle,always_cross,19884,10,0.9448300140816737,0.9405654904979123,0.9487793950172388,520.674481,14.76296897002615
optimistic,10,15,oracle,always_post,19884,10,0.06708911687789178,0.06169976812178647,0.07275167024618741,27.605118,1.048267451217059
optimistic,10,30,model_cost,always_cross,19884,10,0.8792496479581573,0.8705003421738694,0.887241665046072,245.688476,13.738275749346208
optimistic,10,30,model_cost,always_post,19884,10,-0.0002011667672500503,-0.005365737491226311,0.004966257899488409,-0.0781,-0.0031432307382820357
optimistic,10,30,model_direction,always_cross,19884,10,0.8564172198752766,0.846924851851567,0.8672267535320889,205.870467,13.381519060551197
optimistic,10,30,model_direction,always_post,19884,10,-0.02303359485013076,-0.03379145542966008,-0.011994656719427376,-9.170935,-0.3598999195332931
optimistic,10,30,always_post,always_cross,19884,10,0.8794508147254073,0.8708973236918133,0.8875454736564358,194.698157,13.74141898008449
optimistic,10,30,new_level,always_cross,19884,10,0.36345805672902837,0.3540033758065587,0.3744043130154898,57.896927,5.6790321363910685
optimistic,10,30,new_level,always_post,19884,10,-0.515992757996379,-0.5288358116805999,-0.5031479448300141,-65.272691,-8.062386843693423
optimistic,10,30,oracle,always_cross,19884,10,0.9530778515389258,0.9502652185476974,0.9557921232417986,574.593934,14.891841430295715
optimistic,10,30,oracle,always_post,19884,10,0.07362703681351841,0.0680446590223295,0.07942925683779954,24.55215,1.1504224502112252
optimistic,100,5,model_cost,always_cross,19884,10,0.5390766445383223,0.5330507160217719,0.5461933689437256,90.942626,8.423072570911286
optimistic,100,5,model_cost,always_post,19884,10,0.010259505129752565,0.0077898836064172125,0.012488997141137525,6.70971,0.16030476765238383
optimistic,100,5,model_direction,always_cross,19884,10,0.5295715147857574,0.5229538303747389,0.537266777008727,85.537434,8.274554918527459
optimistic,100,5,model_direction,always_post,19884,10,0.0007543753771876886,-0.001408734151740793,0.0033591031827664053,0.730582,0.011787115268557634
optimistic,100,5,always_post,always_cross,19884,10,0.5288171394085697,0.5217581485391293,0.5372167056427278,83.18859,8.262767803258901
optimistic,100,5,new_level,always_cross,19884,10,0.06618386642526655,0.06181740187914002,0.07061001178442271,26.838097,1.03412291289479
optimistic,100,5,new_level,always_post,19884,10,-0.46263327298330315,-0.4717866771508428,-0.45482567583479866,-80.439481,-7.228644890364111
optimistic,100,5,oracle,always_cross,19884,10,0.578203580768457,0.5706989137535503,0.58655125,95.442179,9.03443094950714
optimistic,100,5,oracle,always_post,19884,10,0.049386441359887345,0.04593942805521982,0.05309371891312337,27.672252,0.7716631462482397
optimistic,100,15,model_cost,always_cross,19884,10,0.8756286461476565,0.866258218645949,0.8840646401231169,238.027034,13.681697596057132
optimistic,100,15,model_cost,always_post,19884,10,-0.0015590424461878897,-0.004323346068771365,0.0009067982954847627,-0.839629,-0.024360038221685774
optimistic,100,15,model_direction,always_cross,19884,10,0.8501307583987125,0.8401543669124285,0.8618533306772617,211.725907,13.283293099979884
optimistic,100,15,model_direction,always_post,19884,10,-0.027056930195131765,-0.03907237436051761,-0.014689140970973482,-12.013023,-0.42276453429893385
optimistic,100,15,always_post,always_cross,19884,10,0.8771876885938443,0.8676771726506797,0.8862341272934063,209.741287,13.706057634278817
optimistic,100,15,new_level,always_cross,19884,10,0.2124321062160531,0.20390009328768108,0.22118567559434246,45.157778,3.31925165962583
optimistic,100,15,new_level,always_post,19884,10,-0.6647555823777912,-0.6777396915011594,-0.650044412206285,-106.964498,-10.386805974652987
optimistic,100,15,oracle,always_cross,19884,10,0.9444276805471736,0.9402994933588248,0.9481807313459989,516.017798,14.756682508549588
optimistic,100,15,oracle,always_post,19884,10,0.0672399919533293,0.06200921899832752,0.07284681091149767,27.134711,1.0506248742707704
optimistic,100,30,model_cost,always_cross,19884,10,0.8780929390464696,0.8698465242250978,0.885678372996217,240.31931,13.720202172601088
optimistic,100,30,model_cost,always_post,19884,10,-0.001056125528062764,-0.005854731136337213,0.003923019017107086,-0.409085,-0.01650196137598069
optimistic,100,30,model_direction,always_cross,19884,10,0.8544055522027761,0.8446734904968577,0.8654106480789296,201.087558,13.350086753168377
optimistic,100,30,model_direction,always_post,19884,10,-0.024743512371756187,-0.03551897519293469,-0.013256933254317874,-9.957076,-0.3866173808086904
optimistic,100,30,always_post,always_cross,19884,10,0.8791490645745322,0.8699989217769893,0.8870449850480969,191.210989,13.736704133977065
optimistic,100,30,new_level,always_cross,19884,10,0.3644638905652786,0.3542107424949383,0.37599683950925394,55.907645,5.694748290082479
optimistic,100,30,new_level,always_post,19884,10,-0.5146851740092536,-0.5285160698313455,-0.5004987804572345,-63.417691,-8.041955843894588
optimistic,100,30,oracle,always_cross,19884,10,0.9527258096962382,0.9495428376598761,0.9553204431921408,561.692663,14.886340776503722
optimistic,100,30,oracle,always_post,19884,10,0.0735767451217059,0.06799409703725709,0.0795935613321401,24.15228,1.1496366425266547
pessimistic,0,5,model_cost,always_cross,19884,10,0.21751156708911687,0.21124925736989872,0.22365110457842832,56.575789,3.3986182357674513
pessimistic,0,5,model_cost,always_post,19884,10,0.028414805874069603,0.024098014356510065,0.0334402887797052,14.020641,0.44398134178233756
pessimistic,0,5,model_direction,always_cross,19884,10,0.21303560651780326,0.2052,0.22046937500306,53.412186,3.328681351840676
pessimistic,0,5,model_direction,always_post,19884,10,0.023938845302755984,0.019349050241400118,0.02803724157387902,13.230239,0.37404445785556223
pessimistic,0,5,always_post,always_cross,19884,10,0.1890967612150473,0.18319395535766814,0.19527945105992614,42.719385,2.9546368939851138
pessimistic,0,5,new_level,always_cross,19884,10,0.07101186883926776,0.06679968416817542,0.07506723734557179,29.161813,1.1095604506135588
pessimistic,0,5,new_level,always_post,19884,10,-0.11808489237577952,-0.12323353357323676,-0.1134049786465299,-31.611959,-1.845076443371555
pessimistic,0,5,oracle,always_cross,19884,10,0.2455743311204989,0.23969992955981148,0.2520632350029725,59.76621,3.8370989237577953
pessimistic,0,5,oracle,always_post,19884,10,0.05647756990545162,0.0521421917317111,0.06130643687343862,29.665062,0.8824620297726816
pessimistic,0,15,model_cost,always_cross,19884,10,0.5719674109837055,0.5673083176710592,0.5766515380736258,113.940792,8.936990796620398
pessimistic,0,15,model_cost,always_post,19884,10,0.026855763427881714,0.02145770817143154,0.031600468986384266,7.398973,0.4196213035606518
pessimistic,0,15,model_direction,always_cross,19884,10,0.5583886541943271,0.5508863335804499,0.5660609518034728,100.149564,8.724822721786362
pessimistic,0,15,model_direction,always_post,19884,10,0.013277006638503319,0.007963332163494553,0.01880832542256977,4.252475,0.20745322872661437
pessimistic,0,15,always_post,always_cross,19884,10,0.5451116475558238,0.5395993168823352,0.5513785565001817,82.317477,8.517369493059746
pessimistic,0,15,new_level,always_cross,19884,10,0.21263327298330315,0.2045032442118043,0.2207,46.153273,3.322394890364112
pessimistic,0,15,new_level,always_post,19884,10,-0.3324783745725206,-0.342033796016898,-0.32257094154216387,-51.673556,-5.194974602695634
pessimistic,0,15,oracle,always_cross,19884,10,0.6680245423456045,0.6627787420758455,0.6742210129117553,136.506837,10.43788347415007
pessimistic,0,15,oracle,always_post,19884,10,0.12291289478978072,0.1184419801296952,0.127792538722989,35.570246,1.9205139810903238
pessimistic,0,30,model_cost,always_cross,19884,10,0.7018708509354254,0.6966688662205676,0.7073221905076752,140.262568,10.966732045866022
pessimistic,0,30,model_cost,always_post,19884,10,0.01212029772681553,0.00719453419488902,0.016840996727766146,2.3269,0.18937965198149265
pessimistic,0,30,model_direction,always_cross,19884,10,0.6928183464091732,0.6824077670488836,0.7029820323358958,106.114474,10.82528666264333
pessimistic,0,30,model_direction,always_post,19884,10,0.003067793200563267,-0.004187585006558369,0.010461655099577544,0.876242,0.047934268758801045
pessimistic,0,30,always_post,always_cross,19884,10,0.6897505532086099,0.6822998047227514,0.6970765117892479,88.781175,10.777352393884529
pessimistic,0,30,new_level,always_cross,19884,10,0.3591329712331523,0.34949334142845767,0.3697061380352289,56.846617,5.611452675518005
pessimistic,0,30,new_level,always_post,19884,10,-0.33061758197545765,-0.34199154693958245,-0.32015,-33.812045,-5.165899718366526
pessimistic,0,30,oracle,always_cross,19884,10,0.8551599275799638,0.8518906317876825,0.8586926643074783,261.901697,13.361873868436936
pessimistic,0,30,oracle,always_post,19884,10,0.16540937437135386,0.16032662937728734,0.17069046176214073,32.478219,2.584521474552404
pessimistic,1,5,model_cost,always_cross,19884,10,0.21746127539730437,0.21117442324670047,0.22364725049766712,56.53635,3.397832428082881
pessimistic,1,5,model_cost,always_post,19884,10,0.028314222490444577,0.02393795359530055,0.03335431447333319,13.994912,0.44240972641319654
pessimistic,1,5,model_direction,always_cross,19884,10,0.21298531482599076,0.2051989463100744,0.2203790302795666,53.4007,3.327895544156106
pessimistic,1,5,model_direction,always_post,19884,10,0.02383826191913096,0.01915334280112608,0.02802566930712925,13.164441,0.3724728424864212
pessimistic,1,5,always_post,always_cross,19884,10,0.1891470529068598,0.1832676779265724,0.1953020805672903,42.765197,2.955422701669684
pessimistic,1,5,new_level,always_cross,19884,10,0.07091128545564272,0.06676326487145265,0.07495497086848889,29.150445,1.1079888352444176
pessimistic,1,5,new_level,always_post,19884,10,-0.11823576745121706,-0.12348362170161593,-0.11345621630101545,-31.67561,-1.8474338664252665
pessimistic,1,5,oracle,always_cross,19884,10,0.2455743311204989,0.23969982621125488,0.25203159420376103,59.767966,3.8370989237577953
pessimistic,1,5,oracle,always_post,19884,10,0.056427278213639104,0.05210201184726747,0.06128018718562864,29.66776,0.881676222088111
pessimistic,1,15,model_cost,always_cross,19884,10,0.5718668276000805,0.5670998364250429,0.576501191812927,113.789702,8.935419181251257
pessimistic,1,15,model_cost,always_post,19884,10,0.026855763427881714,0.021457075386923718,0.031698264620323,7.397136,0.4196213035606518
pessimistic,1,15,model_direction,always_cross,19884,10,0.5580366123516395,0.5504781594823349,0.5656113471048511,99.961676,8.719322067994367
pessimistic,1,15,model_direction,always_post,19884,10,0.013025548179440757,0.007720714689115984,0.018557924867917852,4.171996,0.20352419030376181
pessimistic,1,15,always_post,always_cross,19884,10,0.5450110641721988,0.5394993091082355,0.5512371614459258,82.247933,8.515797877690606
pessimistic,1,15,new_level,always_cross,19884,10,0.21258298129149064,0.20437023828638934,0.22063676651605738,46.148547,3.3216090826795415
pessimistic,1,15,new_level,always_post,19884,10,-0.33242808288070813,-0.3420711704157003,-0.3227201013143857,-51.656541,-5.194188795011065
pessimistic,1,15,oracle,always_cross,19884,10,0.667974250653792,0.662704005524516,0.6742006343380245,136.358937,10.437097666465501
pessimistic,1,15,oracle,always_post,19884,10,0.12296318648159324,0.11855742718453308,0.1278011295497844,35.573181,1.9212997887748944
pessimistic,1,30,model_cost,always_cross,19884,10,0.7017199758599879,0.6964666213652341,0.7072208737864077,140.063773,10.964374622812311
pessimistic,1,30,model_cost,always_post,19884,10,0.012070006035003017,0.0071401629450814725,0.016840941081841948,2.315789,0.18859384429692214
pessimistic,1,30,model_direction,always_cross,19884,10,0.6925668879501107,0.6820557762522631,0.7025760621660587,105.946456,10.821357624220479
pessimistic,1,30,model_direction,always_post,19884,10,0.0029169181251257293,-0.004261795279791129,0.010291946580143407,0.833663,0.04557684570508952
pessimistic,1,30,always_post,always_cross,19884,10,0.6896499698249849,0.6820909662528791,0.697076120658211,88.715447,10.77578077851539
pessimistic,1,30,new_level,always_cross,19884,10,0.3591832629249648,0.349568155613198,0.3697057304722751,56.860326,5.6122384832025745
pessimistic,1,30,new_level,always_post,19884,10,-0.3304667069000201,-0.3418901178779704,-0.31995,-33.784773,-5.163542295312814
pessimistic,1,30,oracle,always_cross,19884,10,0.8551599275799638,0.8518987498746616,0.8587242330367524,261.798206,13.361873868436936
pessimistic,1,30,oracle,always_post,19884,10,0.16550995775497887,0.16037599326140503,0.17088098104122781,32.456543,2.586093089921545
pessimistic,10,5,model_cost,always_cross,19884,10,0.21670690002011667,0.21040445142469325,0.223,56.485442,3.386045312814323
pessimistic,10,5,model_cost,always_post,19884,10,0.028012472339569505,0.023734026782007683,0.03300329051138796,13.720355,0.4376948803057735
pessimistic,10,5,model_direction,always_cross,19884,10,0.212029772681553,0.20439837859585597,0.2198830740173079,53.315097,3.312965198149266
pessimistic,10,5,model_direction,always_post,19884,10,0.023335345001005835,0.018557445552599743,0.027485812915027528,12.747645,0.36461476564071615
pessimistic,10,5,always_post,always_cross,19884,10,0.18869442768054717,0.1827935425649253,0.19501233741531587,42.701134,2.9483504325085494
pessimistic,10,5,new_level,always_cross,19884,10,0.06925165962582981,0.064951422926622,0.07360962966306404,28.13838,1.0820571816535909
pessimistic,10,5,new_level,always_post,19884,10,-0.11944276805471736,-0.12472409847114549,-0.11474787643331323,-32.349376,-1.8662932508549588
pessimistic,10,5,oracle,always_cross,19884,10,0.24512170589418628,0.23904519735472457,0.2518828244896803,59.850755,3.8300266545966606
pessimistic,10,5,oracle,always_post,19884,10,0.056427278213639104,0.052202318349338785,0.06111661805853465,29.589976,0.881676222088111
pessimistic,10,15,model_cost,always_cross,19884,10,0.5716153691410178,0.5670302090644741,0.576141621404144,113.340109,8.931490142828403
pessimistic,10,15,model_cost,always_post,19884,10,0.02695634681150674,0.02176719663913499,0.03153602828380645,7.398947,0.4211929189297928
pessimistic,10,15,model_direction,always_cross,19884,10,0.5572319452826393,0.5494654479283402,0.5649541072445595,99.83555,8.70674914504124
pessimistic,10,15,model_direction,always_post,19884,10,0.012572922953128143,0.007291728629883667,0.017904022440640724,4.020804,0.19645192114262722
pessimistic,10,15,always_post,always_cross,19884,10,0.5446590223295111,0.539261714508345,0.5508060369191575,82.07584,8.510297223898611
pessimistic,10,15,new_level,always_cross,19884,10,0.2107221886944277,0.20228083500469257,0.2190283563256622,45.638891,3.292534198350433
pessimistic,10,15,new_level,always_post,19884,10,-0.3339368336350835,-0.34360828957215656,-0.32420066659963803,-51.999772,-5.217763025548179
pessimistic,10,15,oracle,always_cross,19884,10,0.6677227921947294,0.6622792976171173,0.6740901819781334,136.088933,10.433168628042647
pessimistic,10,15,oracle,always_post,19884,10,0.12306376986521826,0.11862011491172716,0.1278451819913767,35.531866,1.9228714041440353
pessimistic,10,30,model_cost,always_cross,19884,10,0.7012673506336753,0.6958140470919703,0.7069680420711975,139.031697,10.957302353651176
pessimistic,10,30,model_cost,always_post,19884,10,0.011567089116877892,0.006599771583819682,0.016478238960260048,2.227196,0.18073576745121706
pessimistic,10,30,model_direction,always_cross,19884,10,0.6922651377992356,0.6814926212270862,0.7023320509283413,105.889107,10.816642778113057
pessimistic,10,30,model_direction,always_post,19884,10,0.0025648762824381412,-0.004562985466710699,0.009800270678204869,0.72995,0.04007619191309596
pessimistic,10,30,always_post,always_cross,19884,10,0.6897002615167974,0.6820909662528791,0.697025711717616,88.720467,10.77656658619996
pessimistic,10,30,new_level,always_cross,19884,10,0.35747334540333936,0.34765479217379613,0.3683815761709414,56.432563,5.585521021927177
pessimistic,10,30,new_level,always_post,19884,10,-0.33222691611345806,-0.3433720407142594,-0.3218,-34.012568,-5.191045564272782
pessimistic,10,30,oracle,always_cross,19884,10,0.8553108026554014,0.8521006718138975,0.8589068825910932,261.678561,13.364231291490647
pessimistic,10,30,oracle,always_post,19884,10,0.1656105411386039,0.16062755583070307,0.17105059496279912,32.470543,2.587664705290686
pessimistic,100,5,model_cost,always_cross,19884,10,0.2087608127137397,0.20176964924460164,0.21554682570857434,55.212781,3.261887698652183
pessimistic,100,5,model_cost,always_post,19884,10,0.025749346208006438,0.021566857257498243,0.030734952096328254,12.488532,0.40233353450010056
pessimistic,100,5,model_direction,always_cross,19884,10,0.2044357272178636,0.19757392416255629,0.21207536325981957,52.186352,3.1943082377791185
pessimistic,100,5,model_direction,always_post,19884,10,0.021424260712130355,0.018449814499147697,0.02430068092892825,11.605113,0.3347540736270368
pessimistic,100,5,always_post,always_cross,19884,10,0.18301146650573324,0.1766499401895877,0.1904646716995215,41.744065,2.859554164152082
pessimistic,100,5,new_level,always_cross,19884,10,0.05773486220076443,0.05347726227690799,0.062100255984711326,23.263485,0.9021072218869443
pessimistic,100,5,new_level,always_post,19884,10,-0.1252766043049688,-0.1313092469380038,-0.12022205166735045,-34.68586,-1.9574469422651377
pessimistic,100,5,oracle,always_cross,19884,10,0.2400422450211225,0.23325218768098235,0.24777020774327216,58.998716,3.7506600784550392
pessimistic,100,5,oracle,always_post,19884,10,0.057030778515389256,0.0529500756429652,0.06149818042989529,29.28958,0.8911059143029572
pessimistic,100,15,model_cost,always_cross,19884,10,0.5660832830416416,0.5605647688243887,0.5714437710965447,114.568744,8.84505129752565
pessimistic,100,15,model_cost,always_post,19884,10,0.02444176222088111,0.018399679133660883,0.029761690126684087,6.739076,0.38190253470126734
pessimistic,100,15,model_direction,always_cross,19884,10,0.5525548179440757,0.5458415865622587,0.5591115789473684,94.647208,8.633669030376183
pessimistic,100,15,model_direction,always_post,19884,10,0.010913297123315228,0.006570302259676209,0.015298614954699268,4.380635,0.17052026755180044
pessimistic,100,15,always_post,always_cross,19884,10,0.5416415208207604,0.5360989785757393,0.5484822544512822,82.273126,8.463148762824382
pessimistic,100,15,new_level,always_cross,19884,10,0.2007141420237377,0.19221437012978013,0.20945123620724243,42.59721,3.1361584691209012
pessimistic,100,15,new_level,always_post,19884,10,-0.34092737879702273,-0.35116551618616215,-0.33037395898619454,-53.749875,-5.3269902937034805
pessimistic,100,15,oracle,always_cross,19884,10,0.6650573325286663,0.658999695029741,0.67190125,136.037931,10.39152082076041
pessimistic,100,15,oracle,always_post,19884,10,0.12341581170790586,0.11946763247763262,0.12759004819014885,35.653401,1.928372057936029
pessimistic,100,30,model_cost,always_cross,19884,10,0.6981492657412995,0.6932979969154378,0.7033088750075764,137.730966,10.908582277207806
pessimistic,100,30,model_cost,always_post,19884,10,0.008449004224502113,0.003066802418192266,0.01357329579730545,1.63102,0.13201569100784552
pessimistic,100,30,model_direction,always_cross,19884,10,0.6883926775296721,0.6787868581167946,0.6967136893218145,104.712663,10.756135586401127
pessimistic,100,30,model_direction,always_post,19884,10,-0.001307583987125327,-0.00839879704378371,0.005180895100537288,-0.373506,-0.020430999798833234
pessimistic,100,30,always_post,always_cross,19884,10,0.6897002615167974,0.6825421890684746,0.6967707628330865,88.492661,10.77656658619996
pessimistic,100,30,new_level,always_cross,19884,10,0.35234359283846306,0.34136488579866264,0.3643302683551357,53.741231,5.505368638100985
pessimistic,100,30,new_level,always_post,19884,10,-0.33735666867833436,-0.3488153381382437,-0.32658128509318424,-34.31072,-5.271197948098974
pessimistic,100,30,oracle,always_cross,19884,10,0.8550593441963388,0.8517999964905244,0.8587243932975952,260.021954,13.360302253067793
pessimistic,100,30,oracle,always_post,19884,10,0.16535908267954133,0.16044652649784538,0.17061137529083503,32.384009,2.5837356668678333
proportional,0,5,model_cost,always_cross,19884,10,0.3355964594648964,0.32848611778355574,0.3427271199439551,67.016841,5.243694679139007
proportional,0,5,model_cost,always_post,19884,10,0.021223093944880304,0.016844038290377915,0.02566930712924897,11.317012,0.33161084288875475
proportional,0,5,model_direction,always_cross,19884,10,0.32739891369945684,0.3203351816260817,0.3350500647249191,64.441998,5.115608026554013
proportional,0,5,model_direction,always_post,19884,10,0.013025548179440757,0.010627205233754778,0.015698665864178955,7.552363,0.20352419030376181
proportional,0,5,always_post,always_cross,19884,10,0.3143733655200161,0.30705181424917244,0.3222495007510347,56.577119,4.912083836250251
proportional,0,5,new_level,always_cross,19884,10,0.07317441158720579,0.06879961674230964,0.07762035592891518,30.054961,1.1433501810500906
proportional,0,5,new_level,always_post,19884,10,-0.2411989539328103,-0.24770549672213818,-0.23433476396865083,-50.052398,-3.768733655200161
proportional,0,5,oracle,always_cross,19884,10,0.36888955944477975,0.3611691404726056,0.3775917773066773,69.578417,5.763899366324684
proportional,0,5,oracle,always_post,19884,10,0.05451619392476363,0.05042864346949067,0.058791801270900626,29.336782,0.8518155300744318
proportional,0,15,model_cost,always_cross,19884,10,0.7693120096560049,0.7610179735234822,0.7771175966098275,167.171149,12.020500150875076
proportional,0,15,model_cost,always_post,19884,10,0.007895795614564475,0.0040844427939233634,0.011512473157720512,2.763677,0.12337180647756991
proportional,0,15,model_direction,always_cross,19884,10,0.7508549587608128,0.7425,0.7598217318882583,148.712817,11.7321087306377
proportional,0,15,model_direction,always_post,19884,10,-0.01056125528062764,-0.018950062920317916,-0.0030172971940232596,-4.480356,-0.16501961375980687
proportional,0,15,always_post,always_cross,19884,10,0.7614162140414403,0.7512277714226159,0.7711044796316592,135.717286,11.897128344397505
proportional,0,15,new_level,always_cross,19884,10,0.21464494065580367,0.20624186130746866,0.22284228633764672,46.977336,3.3538271977469325
proportional,0,15,new_level,always_post,19884,10,-0.5467712733856367,-0.5590962586042569,-0.5340880783050895,-82.316922,-8.543301146650574
proportional,0,15,oracle,always_cross,19884,10,0.8598370549185275,0.8538522850030175,0.8658364637496864,262.818728,13.434953983101991
proportional,0,15,oracle,always_post,19884,10,0.0984208408770871,0.09362466036318189,0.10337963850212914,32.108348,1.537825638704486
proportional,0,30,model_cost,always_cross,19884,10,0.8097465298732649,0.8001304042531848,0.8195145838465945,182.691133,12.652289529269764
proportional,0,30,model_cost,always_post,19884,10,0.0032689599678133174,-0.003161551465645246,0.009834076022625048,0.891368,0.05107749949708308
proportional,0,30,model_direction,always_cross,19884,10,0.7918929792798229,0.7840806500150467,0.79983162030003,150.206666,12.373327801247234
proportional,0,30,model_direction,always_post,19884,10,-0.014584590625628646,-0.024453868561626037,-0.005765091530982835,-4.707669,-0.2278842285254476
proportional,0,30,always_post,always_cross,19884,10,0.8064775699054516,0.79815,0.8146759959657085,131.484998,12.60121202977268
proportional,0,30,new_level,always_cross,19884,10,0.3610440555220278,0.35089491627393965,0.37225676526126605,57.642989,5.641313367531684
proportional,0,30,new_level,always_post,19884,10,-0.4454335143834239,-0.4582454035219705,-0.43269874999999997,-49.83512,-6.959898662240998
proportional,0,30,oracle,always_cross,19884,10,0.9225507946087307,0.9191304020856312,0.9262444791936412,409.847421,14.414856165761417
proportional,0,30,oracle,always_post,19884,10,0.11607322470327902,0.1109870100274488,0.12135065666064801,28.557595,1.8136441359887348
proportional,1,5,model_cost,always_cross,19884,10,0.33529470931402133,0.3282349844580367,0.34252492925303635,66.827759,5.238979833031584
proportional,1,5,model_cost,always_post,19884,10,0.020971635485817743,0.016536964059754904,0.025400188166633125,11.203385,0.3276818044659022
proportional,1,5,model_direction,always_cross,19884,10,0.32729833031583183,0.3203059170648524,0.33485527568346346,64.369173,5.114036411184872
proportional,1,5,model_direction,always_post,19884,10,0.012975256487628244,0.01056539986662024,0.015651025196137595,7.526796,0.2027383826191913
proportional,1,5,always_post,always_cross,19884,10,0.31432307382820357,0.3070372696624545,0.3222199939837561,56.546583,4.911298028565681
proportional,1,5,new_level,always_cross,19884,10,0.07307382820358077,0.06871301033202928,0.07744895330601302,30.038173,1.1417785656809496
proportional,1,5,new_level,always_post,19884,10,-0.2412492456246228,-0.24791984878988196,-0.23419895292697646,-50.038194,-3.7695194628847313
proportional,1,5,oracle,always_cross,19884,10,0.3687889760611547,0.3610493874610561,0.37747044540572516,69.486833,5.762327750955542
proportional,1,5,oracle,always_post,19884,10,0.05446590223295111,0.05042864346949067,0.05871424207850757,29.342097,0.8510297223898612
proportional,1,15,model_cost,always_cross,19884,10,0.7692617179641923,0.76095,0.7771653076254469,166.948696,12.019714343190504
proportional,1,15,model_cost,always_post,19884,10,0.007744920539126936,0.004023185017796447,0.011285635858250861,2.715027,0.12101438342385838
proportional,1,15,model_direction,always_cross,19884,10,0.7508549587608128,0.7426487500000001,0.759707544467782,148.486232,11.7321087306377
proportional,1,15,model_direction,always_post,19884,10,-0.010661838664252665,-0.01902023434450706,-0.003126363620040107,-4.530396,-0.1665912291289479
proportional,1,15,always_post,always_cross,19884,10,0.7615167974250654,0.7512779101906134,0.7712563149875705,135.709289,11.898699959766647
proportional,1,15,new_level,always_cross,19884,10,0.21459464896399114,0.20611912593876258,0.22283178691637778,46.972151,3.3530413900623617
proportional,1,15,new_level,always_post,19884,10,-0.5469221484610742,-0.5592493641673116,-0.5342915252431565,-82.312036,-8.545658569704285
proportional,1,15,oracle,always_cross,19884,10,0.8598873466103399,0.8537048784217387,0.865868634697818,262.560354,13.435739790786561
proportional,1,15,oracle,always_post,19884,10,0.09837054918527459,0.09362427738179889,0.10332051029202259,32.109149,1.5370398310199154
proportional,1,30,model_cost,always_cross,19884,10,0.8098974049487024,0.8002796168121176,0.8197657174388365,182.59602,12.654646952323475
proportional,1,30,model_cost,always_post,19884,10,0.0033695433514383424,-0.0030900823689525014,0.00998592644921924,0.918864,0.0526491148662241
proportional,1,30,model_direction,always_cross,19884,10,0.7918426875880105,0.7841482662503761,0.7997456036313743,149.964499,12.372541993562663
proportional,1,30,model_direction,always_post,19884,10,-0.014685174009253671,-0.024580189506120457,-0.00578082729160005,-4.73593,-0.22945584389458862
proportional,1,30,always_post,always_cross,19884,10,0.8065278615972641,0.7981738574077787,0.8147762461092833,131.438124,12.601997837457251
proportional,1,30,new_level,always_cross,19884,10,0.36109434721384026,0.35089649556332464,0.3722580259773528,57.670657,5.642099175216254
proportional,1,30,new_level,always_post,19884,10,-0.4454335143834239,-0.45824666081426585,-0.4326895113043557,-49.821823,-6.959898662240998
proportional,1,30,oracle,always_cross,19884,10,0.9226010863005432,0.9191316554697684,0.9263654209310481,409.381558,14.415641973445988
proportional,1,30,oracle,always_post,19884,10,0.11607322470327902,0.1109870100274488,0.12135065666064801,28.552795,1.8136441359887348
proportional,10,5,model_cost,always_cross,19884,10,0.334188292094146,0.32704673720580274,0.3414094067860367,66.492046,5.221692063971032
proportional,10,5,model_cost,always_post,19884,10,0.02077046871856769,0.016444283326959595,0.02487812300856006,11.086236,0.3245385737276202
proportional,10,5,model_direction,always_cross,19884,10,0.3258901629450815,0.3187377884169846,0.3336844695105508,64.021271,5.092033796016898
proportional,10,5,model_direction,always_post,19884,10,0.012472339569503117,0.010287443267776097,0.015040760519849577,7.181851,0.1948803057734862
proportional,10,5,always_post,always_cross,19884,10,0.31341782337557833,0.30619998043936203,0.3214177091655227,56.177337,4.8971534902434115
proportional,10,5,new_level,always_cross,19884,10,0.07171595252464293,0.06718086484924533,0.07646350491772837,29.288845,1.1205617581975458
proportional,10,5,new_level,always_post,19884,10,-0.24170187085093542,-0.24837133560613658,-0.23492733386119308,-50.247899,-3.776591732045866
proportional,10,5,oracle,always_cross,19884,10,0.36788372560852944,0.3600440884599003,0.37678556767272015,69.208905,5.748183212633273
proportional,10,5,oracle,always_post,19884,10,0.05446590223295111,0.05057319416295699,0.058595853515130775,29.261345,0.8510297223898612
proportional,10,15,model_cost,always_cross,19884,10,0.7688090927378797,0.7608070437105026,0.776310049279812,165.841455,12.01264207402937
proportional,10,15,model_cost,always_post,19884,10,0.007594045463689398,0.0038221685777509555,0.011136154077640677,2.663438,0.11865696037014685
proportional,10,15,model_direction,always_cross,19884,10,0.7501508750754375,0.7416,0.7592561690938511,147.742599,11.721107423053711
proportional,10,15,model_direction,always_post,19884,10,-0.011064172198752767,-0.01951588836908325,-0.003366964802449832,-4.677072,-0.17287769060551197
proportional,10,15,always_post,always_cross,19884,10,0.7612150472741903,0.7513280621054438,0.7706396950465032,135.195791,11.893985113659223
proportional,10,15,new_level,always_cross,19884,10,0.21288473144236572,0.2044018611784067,0.22133493589597275,46.424866,3.3263239287869646
proportional,10,15,new_level,always_post,19884,10,-0.5483303158318246,-0.5606028365189788,-0.535792255915282,-82.644222,-8.567661184872259
proportional,10,15,oracle,always_cross,19884,10,0.8597364715349024,0.8536548681439887,0.8655670256806777,260.378593,13.43338236773285
proportional,10,15,oracle,always_post,19884,10,0.09852142426071213,0.09381629230298581,0.10342977752431565,32.142922,1.539397254073627
proportional,10,30,model_cost,always_cross,19884,10,0.80964594648964,0.8003470178804294,0.8192612018122247,181.110095,12.650717913900625
proportional,10,30,model_cost,always_post,19884,10,0.0032186682760008047,-0.003482826536792167,0.010027854728991367,0.882427,0.05029169181251257
proportional,10,30,model_direction,always_cross,19884,10,0.7913900623616978,0.7835,0.799473943617523,149.623881,12.365469724401528
proportional,10,30,model_direction,always_post,19884,10,-0.015037215851941258,-0.024995222339883258,-0.005965705780607643,-4.825228,-0.23495649768658217
proportional,10,30,always_post,always_cross,19884,10,0.8064272782136391,0.7983554210117316,0.8141704825375233,131.350469,12.600426222088112
proportional,10,30,new_level,always_cross,19884,10,0.35983705491852747,0.3497426552244268,0.37150004137827264,57.34117,5.622453983101992
proportional,10,30,new_level,always_post,19884,10,-0.44659022329511167,-0.4591660748706503,-0.43395,-49.949072,-6.97797223898612
proportional,10,30,oracle,always_cross,19884,10,0.9227016696841682,0.9194324676626893,0.9261951133144476,408.989398,14.417213588815128
proportional,10,30,oracle,always_post,19884,10,0.11627439147052906,0.11138962247777189,0.12132827783416592,28.616289,1.8167873667270167
proportional,100,5,model_cost,always_cross,19884,10,0.32443170388251863,0.3168374338477874,0.332277707671304,65.490762,5.069245373164353
proportional,100,5,model_cost,always_post,19884,10,0.019412593039629854,0.015441692569938836,0.023222541296816668,10.538382,0.3033217662442165
proportional,100,5,model_direction,always_cross,19884,10,0.31623415811707906,0.30859591794098085,0.3252507062819613,62.433522,4.94115872057936
proportional,100,5,model_direction,always_post,19884,10,0.011215047274190303,0.008929427390787741,0.013642291102417494,6.620156,0.17523511365922348
proportional,100,5,always_post,always_cross,19884,10,0.30501911084288874,0.297422008225499,0.31425118012266234,55.086783,4.765923606920136
proportional,100,5,new_level,always_cross,19884,10,0.06140615570307785,0.05721750505458957,0.06565537438595492,24.81297,0.9594711828605914
proportional,100,5,new_level,always_post,19884,10,-0.2436129551398109,-0.25188033208869515,-0.23638249076058532,-51.204131,-3.8064524240595454
proportional,100,5,oracle,always_cross,19884,10,0.3599376383021525,0.35159949486818276,0.36944876165647245,68.22221,5.624025598471133
proportional,100,5,oracle,always_post,19884,10,0.05491852745926373,0.051121706930922224,0.05893292062969133,28.97818,0.8581019915509959
proportional,100,15,model_cost,always_cross,19884,10,0.7655904244618789,0.7576418387078223,0.7730339781895528,164.496858,11.962350382216858
proportional,100,15,model_cost,always_post,19884,10,0.006336753168376584,0.0023134178233755786,0.010232412996886603,2.245733,0.09901176825588412
proportional,100,15,model_direction,always_cross,19884,10,0.7463287064976866,0.7387497523573077,0.7546559451534811,145.934542,11.661386039026352
proportional,100,15,model_direction,always_post,19884,10,-0.012924964795815732,-0.021478972534492324,-0.005079066149091384,-5.491889,-0.2019525749346208
proportional,100,15,always_post,always_cross,19884,10,0.7592536712935023,0.7501234549533742,0.7681716263924684,133.742319,11.863338613960973
proportional,100,15,new_level,always_cross,19884,10,0.2055924361295514,0.19718700092740105,0.21406359715116863,43.494098,3.21238181452424
proportional,100,15,new_level,always_post,19884,10,-0.5536612351639509,-0.565941893064815,-0.5411751429431236,-83.385683,-8.650956799436733
proportional,100,15,oracle,always_cross,19884,10,0.8580768457050895,0.8527424746484482,0.8634162958336596,258.88107,13.407450714142023
proportional,100,15,oracle,always_post,19884,10,0.09882317441158721,0.09440242057488654,0.10359246528476555,31.83547,1.54411210018105
proportional,100,30,model_cost,always_cross,19884,10,0.8081371957352645,0.7995559971825317,0.8174727795140639,179.405513,12.627143683363508
proportional,100,30,model_cost,always_post,19884,10,0.0014584590625628647,-0.005552688354268981,0.00882618384405362,0.39883,0.02278842285254476
proportional,100,30,model_direction,always_cross,19884,10,0.7890766445383223,0.7817993374460829,0.7969243703511413,147.570661,12.329322570911286
proportional,100,30,model_direction,always_post,19884,10,-0.0176020921343794,-0.02807701883332129,-0.007691013700998329,-5.670506,-0.27503268959967814
proportional,100,30,always_post,always_cross,19884,10,0.8066787366727016,0.7978570764379731,0.8147531540568229,130.294963,12.604355260510962
proportional,100,30,new_level,always_cross,19884,10,0.35747334540333936,0.34651877476105764,0.36894388241047243,54.877718,5.585521021927177
proportional,100,30,new_level,always_post,19884,10,-0.4492053912693623,-0.46236304149335494,-0.4362494453775193,-49.666814,-7.0188342385837865
proportional,100,30,oracle,always_cross,19884,10,0.9227519613759807,0.919231926200742,0.9263671097106352,403.798619,14.417999396499699
proportional,100,30,oracle,always_post,19884,10,0.11607322470327902,0.11089208326270913,0.12167848601998793,28.389015,1.8136441359887348
