queue_model,latency_ms,deadline_s,strategy,n,mean_cost_ticks,sd_cost_ticks,p10_cost_ticks,median_cost_ticks,p90_cost_ticks,mean_cost_usd,passive_fill_rate,mean_ms_to_passive_fill,mean_ms_to_done,adverse_1s_ticks,adverse_5s_ticks
exact,0,5,always_cross,3980,0.5027638190954774,0.037075817357263514,0.5,0.5,0.5,8.784547738693467,0.0,,0.0,,
exact,0,5,always_post,3980,-0.04673366834170854,0.8931066519480293,-0.5,-0.5,1.5,1.9158291457286432,0.7479899497487437,1869.1658168639594,2658.167496684421,0.07893852872018811,0.17181726570372857
exact,0,5,model_cost,3980,-0.09723618090452261,0.6251151385254236,-0.5,-0.5,0.5,1.2845477386934674,0.6668341708542713,1713.0106600324038,1619.680977820605,0.096646571213263,0.22324792765636775
exact,0,5,model_direction,3980,-0.08216080402010051,0.6124767547348898,-0.5,-0.5,0.5,1.4729899497487438,0.6366834170854271,1685.2616338772712,1736.4831608655802,0.11621941594317285,0.26341752170481453
exact,0,5,new_level,3980,0.17386934673366833,0.7486575758555952,-0.5,0.5,0.5,4.673366834170854,0.4728643216080402,2361.6918101466517,3752.4381876120624,0.036397449521785336,0.018862911795961744
exact,0,5,oracle,3980,-0.24899497487437186,0.4366779189524043,-0.5,-0.5,0.5,-0.6124371859296482,0.0,,0.0,,
exact,0,15,always_cross,3980,0.5027638190954774,0.037075817357263514,0.5,0.5,0.5,8.784547738693467,0.0,,0.0,,
exact,0,15,always_post,3980,-0.07939698492462312,1.2665998114532517,-0.5,-0.5,1.5,1.5075376884422111,0.878391959798995,2743.5858363689954,4234.0643426999995,0.06793478260869565,0.14302059496567507
exact,0,15,model_cost,3980,-0.1329145728643216,0.6219548972257999,-0.5,-0.5,0.5,0.8385678391959799,0.7050251256281407,2006.3416039034232,1703.4659649630682,0.09301496792587313,0.20848182466143977
exact,0,15,model_direction,3980,-0.12964824120603016,0.5983561101600723,-0.5,-0.5,0.5,0.8793969849246231,0.6773869346733669,1996.9152953542305,1912.2320694158313,0.11016320474777448,0.25445103857566764
exact,0,15,new_level,3980,-0.0964824120603015,0.9971624423122301,-1.5,0.5,0.5,1.2939698492462313,0.8402010050251256,5189.917344223087,6757.558693236692,0.031698564593301434,0.017793062200956937
exact,0,15,oracle,3980,-0.38040201005025126,0.330098326180172,-0.5,-0.5,0.5,-2.2550251256281406,0.0,,0.0,,
exact,0,30,always_cross,3980,0.5027638190954774,0.037075817357263514,0.5,0.5,0.5,8.784547738693467,0.0,,0.0,,
exact,0,30,always_post,3980,-0.0414572864321608,1.5674224561373646,-0.5,-0.5,-0.5,1.98178391959799,0.9040201005025126,3288.0389255739296,5851.850264878146,0.06753752084491384,0.14452473596442467
exact,0,30,model_cost,3980,-0.12814070351758794,0.6189087676146753,-0.5,-0.5,0.5,0.8982412060301508,0.6982412060301507,1996.0362669366696,1671.1645190495,0.09589780496581504,0.2121266642677222
exact,0,30,model_direction,3980,-0.13241206030150754,0.5948000448008349,-0.5,-0.5,0.5,0.8448492462311558,0.678643216080402,2037.1325599685324,1944.6721217273891,0.11069974083672714,0.25360977415771935
exact,0,30,new_level,3980,-0.1814070351758794,1.14872046791031,-1.5,-0.5,0.5,0.23241206030150754,0.9630653266331658,7137.396212550494,7981.8190157552835,0.034568223323767286,0.023088964257761545
exact,0,30,oracle,3980,-0.4065326633165829,0.29689274244439184,-0.5,-0.5,-0.5,-2.5816582914572863,0.0,,0.0,,
exact,1,5,always_cross,3980,0.5030150753768844,0.04331053842017131,0.5,0.5,0.5,8.787688442211055,0.0,,1.0,,
exact,1,5,always_post,3980,-0.04723618090452261,0.8936428462000081,-0.5,-0.5,1.5,1.9095477386934674,0.7479899497487437,1871.3178108582485,2660.0291766143205,0.07893852872018811,0.17181726570372857
exact,1,5,model_cost,3980,-0.09698492462311557,0.6267601641509642,-0.5,-0.5,0.5,1.2876884422110553,0.6665829145728643,1715.2974695582357,1621.4852227984945,0.09668300037693177,0.22333207689408216
exact,1,5,model_direction,3980,-0.08190954773869347,0.6133304874742004,-0.5,-0.5,0.5,1.4761306532663316,0.6361809045226131,1687.5863361125614,1738.2328148334193,0.11631121642969984,0.2640205371248025
exact,1,5,new_level,3980,0.17361809045226131,0.7483801556532572,-0.5,0.5,0.5,4.670226130653266,0.4723618090452261,2363.9677584159563,3755.3666798547756,0.036702127659574466,0.018882978723404255
exact,1,5,oracle,3980,-0.2492462311557789,0.438258261494464,-0.5,-0.5,0.5,-0.6155778894472361,0.0,,0.0,,
exact,1,15,always_cross,3980,0.5030150753768844,0.04331053842017131,0.5,0.5,0.5,8.787688442211055,0.0,,1.0,,
exact,1,15,always_post,3980,-0.07989949748743719,1.266964992207764,-0.5,-0.5,1.5,1.5012562814070352,0.878391959798995,2745.5200374854144,4235.884937449496,0.06793478260869565,0.14302059496567507
exact,1,15,model_cost,3980,-0.13266331658291458,0.6236226378845511,-0.5,-0.5,0.5,0.8417085427135679,0.7047738693467337,2008.6090679376136,1705.0435767751285,0.09304812834224599,0.20855614973262032
exact,1,15,model_direction,3980,-0.12939698492462312,0.599249877239583,-0.5,-0.5,0.5,0.882537688442211,0.6768844221105528,1999.3315735215313,1913.9410198660826,0.11024498886414254,0.25501113585746105
exact,1,15,new_level,3980,-0.0964824120603015,0.9971624423122301,-1.5,0.5,0.5,1.2939698492462313,0.8396984924623115,5188.213069506881,6761.217607611063,0.03156792339916218,0.016906044284859367
exact,1,15,oracle,3980,-0.3806532663316583,0.33208666569576706,-0.5,-0.5,0.5,-2.2581658291457285,0.0,,0.0,,
exact,1,30,always_cross,3980,0.5030150753768844,0.04331053842017131,0.5,0.5,0.5,8.787688442211055,0.0,,1.0,,
exact,1,30,always_post,3980,-0.04195979899497487,1.567729729590989,-0.5,-0.5,-0.5,1.975502512562814,0.9040201005025126,3289.9182938627014,5853.64523148694,0.06753752084491384,0.14452473596442467
exact,1,30,model_cost,3980,-0.1278894472361809,0.6205827611181524,-0.5,-0.5,0.5,0.9013819095477387,0.6979899497487437,1998.3220593336948,1672.81172885151,0.09593232541396689,0.21220302375809935
exact,1,30,model_direction,3980,-0.1321608040201005,0.5957003133318802,-0.5,-0.5,0.5,0.8479899497487438,0.6781407035175879,2039.5741634927772,1946.3798158962336,0.11078177102630604,0.25416821044831417
exact,1,30,new_level,3980,-0.1814070351758794,1.14872046791031,-1.5,-0.5,0.5,0.23241206030150754,0.9630653266331658,7142.334516415874,7986.611859653776,0.03482911557526742,0.02321941038351161
exact,1,30,oracle,3980,-0.40678391959798993,0.2990799472056281,-0.5,-0.5,-0.5,-2.584798994974874,0.0,,0.0,,
exact,10,5,always_cross,3980,0.5015075376884423,0.048839137127646384,0.5,0.5,0.5,8.768844221105528,0.0,,10.0,,
exact,10,5,always_post,3980,-0.04623115577889447,0.8927106256819731,-0.5,-0.5,1.5,1.9221105527638191,0.7474874371859297,1878.1150980073978,2668.9553810482403,0.07714285714285714,0.17378151260504202
exact,10,5,model_cost,3980,-0.09522613065326634,0.6294301240776133,-0.5,-0.5,0.5,1.309673366834171,0.6660804020100503,1723.4781764281406,1631.9674989223645,0.0950584685024519,0.22632968691059976
exact,10,5,model_direction,3980,-0.08015075376884422,0.6156074913855802,-0.5,-0.5,0.5,1.4981155778894473,0.6361809045226131,1693.6070464000813,1746.7821712273897,0.11532385466034756,0.26579778830963663
exact,10,5,new_level,3980,0.17964824120603015,0.7561512026380637,-0.5,0.5,0.5,4.7456030150753765,0.4670854271356784,2384.5732499311453,3783.701425030655,0.03146853146853147,0.017482517482517484
exact,10,5,oracle,3980,-0.24874371859296482,0.4368211262105307,-0.5,-0.5,0.5,-0.6092964824120602,0.0,,0.0,,
exact,10,15,always_cross,3980,0.5015075376884423,0.048839137127646384,0.5,0.5,0.5,8.768844221105528,0.0,,10.0,,
exact,10,15,always_post,3980,-0.07914572864321608,1.2670123144410672,-0.5,-0.5,1.5,1.510678391959799,0.878140703517588,2752.110019623179,4245.8478689907015,0.06552217453505008,0.14263233190271818
exact,10,15,model_cost,3980,-0.1314070351758794,0.6250959455087546,-0.5,-0.5,0.5,0.8574120603015075,0.7042713567839196,2017.2135325123104,1716.2737516663353,0.09222261862290403,0.21138066357474136
exact,10,15,model_direction,3980,-0.12864321608040202,0.6025485526684993,-0.5,-0.5,0.5,0.8919597989949749,0.6773869346733669,2008.3134364091268,1922.0484986329172,0.10905044510385757,0.2551928783382789
exact,10,15,new_level,3980,-0.09271356783919597,1.0222811412269632,-1.5,0.5,0.5,1.3410804020100502,0.8366834170854272,5233.440744673574,6830.114994915331,0.025225225225225224,0.013963963963963964
exact,10,15,oracle,3980,-0.3798994974874372,0.3337028879726927,-0.5,-0.5,0.5,-2.248743718592965,0.0,,0.0,,
exact,10,30,always_cross,3980,0.5015075376884423,0.048839137127646384,0.5,0.5,0.5,8.768844221105528,0.0,,10.0,,
exact,10,30,always_post,3980,-0.04221105527638191,1.5655573214493932,-0.5,-0.5,-0.5,1.9723618090452262,0.9040201005025126,3300.192069859922,5863.796750591965,0.0651750972762646,0.1441078376876042
exact,10,30,model_cost,3980,-0.12663316582914572,0.6222556000329221,-0.5,-0.5,0.5,0.9170854271356784,0.6977386934673366,2007.1773941908555,1684.1612119768877,0.094706517824991,0.21498019445444724
exact,10,30,model_direction,3980,-0.1314070351758794,0.5990220145065925,-0.5,-0.5,0.5,0.8574120603015075,0.678643216080402,2048.5096011695687,1954.4759881304049,0.1095890410958904,0.2543502406516105
exact,10,30,new_level,3980,-0.17964824120603015,1.1652861489269692,-1.5,-0.5,0.5,0.2543969849246231,0.9615577889447237,7206.208006848715,8082.836191510053,0.029135092761954532,0.019205644107656128
exact,10,30,oracle,3980,-0.40603015075376886,0.3021890796417282,-0.5,-0.5,-0.5,-2.5753768844221105,0.0,,0.0,,
exact,100,5,always_cross,3980,0.5042713567839195,0.1688386978437959,0.5,0.5,0.5,8.803391959798995,0.0,,100.0,,
exact,100,5,always_post,3980,-0.04246231155778894,0.8924755788229491,-0.5,-0.5,1.5,1.9692211055276383,0.7447236180904523,1950.143925383605,2754.2277876474873,0.07877867746288798,0.1771255060728745
exact,100,5,model_cost,3980,-0.07889447236180905,0.6543544356760446,-0.5,-0.5,0.5,1.513819095477387,0.6562814070351759,1802.9391573326948,1720.1826831540238,0.10049770290964778,0.2387059724349158
exact,100,5,model_direction,3980,-0.057537688442211056,0.6567690091473634,-0.5,-0.5,0.5,1.7807788944723617,0.6276381909547739,1778.3626679867903,1843.2286293042744,0.1200960768614892,0.28262610088070456
exact,100,5,new_level,3980,0.2193467336683417,0.8457290808452602,-0.5,0.5,0.5,5.241834170854271,0.3886934673366834,2640.8907103012275,4144.160283627138,0.03070458952811894,0.014867485455720749
exact,100,5,oracle,3980,-0.2442211055276382,0.45675436532733094,-0.5,-0.5,0.5,-0.5527638190954773,0.0,,0.0,,
exact,100,15,always_cross,3980,0.5042713567839195,0.1688386978437959,0.5,0.5,0.5,8.803391959798995,0.0,,100.0,,
exact,100,15,always_post,3980,-0.07788944723618091,1.2540313751902274,-0.5,-0.5,1.5,1.5263819095477387,0.8773869346733668,2826.168282087059,4331.10041232362,0.06443298969072164,0.14533218785796106
exact,100,15,model_cost,3980,-0.11507537688442211,0.6549434031799389,-0.5,-0.5,0.5,1.0615577889447236,0.6957286432160804,2110.988592731314,1801.7405560987477,0.09642470205850487,0.2271578187071145
exact,100,15,model_direction,3980,-0.10452261306532663,0.6503654883219955,-0.5,-0.5,0.5,1.193467336683417,0.6695979899497487,2094.317927993623,2018.368662839953,0.1125703564727955,0.2716697936210131
exact,100,15,new_level,3980,-0.07336683417085427,1.2313526812371314,-1.5,0.5,0.5,1.5829145728643217,0.7839195979899497,5836.182360724355,7837.911800366828,0.021314102564102565,0.007852564102564102
exact,100,15,oracle,3980,-0.3773869346733668,0.357543496834759,-0.5,-0.5,0.5,-2.2173366834170856,0.0,,0.0,,
exact,100,30,always_cross,3980,0.5042713567839195,0.1688386978437959,0.5,0.5,0.5,8.803391959798995,0.0,,100.0,,
exact,100,30,always_post,3980,-0.032160804020100506,1.5808911228062905,-0.5,-0.5,0.5,2.0979899497487438,0.9027638190954774,3356.8889863537456,5957.286966826389,0.06331756192596716,0.1475090453659894
exact,100,30,model_cost,3980,-0.11055276381909548,0.6514925319646645,-0.5,-0.5,0.5,1.1180904522613064,0.6889447236180904,2096.895847714081,1767.6478428221149,0.09938001458789204,0.23030634573304157
exact,100,30,model_direction,3980,-0.10728643216080402,0.6479787999030009,-0.5,-0.5,0.5,1.1589195979899498,0.6708542713567839,2130.9578691505644,2048.1551534251284,0.11273408239700375,0.27078651685393257
exact,100,30,new_level,3980,-0.16884422110552763,1.4615828230671235,-1.5,-0.5,0.5,0.38944723618090454,0.9349246231155779,8195.819288063693,9621.24210323744,0.02351518409029831,0.014512227895726955
exact,100,30,oracle,3980,-0.40276381909547737,0.33210910239093844,-0.5,-0.5,0.5,-2.534547738693467,0.0,,0.0,,
optimistic,0,5,always_cross,3980,0.5027638190954774,0.037075817357263514,0.5,0.5,0.5,8.784547738693467,0.0,,0.0,,
optimistic,0,5,always_post,3980,-0.26030150753768844,0.7537837266465519,-0.5,-0.5,0.5,-0.7537688442211056,0.8979899497487437,1425.477278893398,1790.1145212977392,0.0400111919418019,0.0808617795187465
optimistic,0,5,model_cost,3980,-0.2685929648241206,0.6101623514690926,-0.5,-0.5,0.5,-0.8574120603015075,0.8610552763819096,1365.26794905311,1367.216899850504,0.048730668222935515,0.1019842427779399
optimistic,0,5,model_direction,3980,-0.2007537688442211,0.5482723760272059,-0.5,-0.5,0.5,-0.009422110552763818,0.7381909547738693,1238.754163246086,1183.4697818133184,0.08424098025867938,0.19996596324029953
optimistic,0,5,new_level,3980,0.15653266331658292,0.7335324837306489,-0.5,0.5,0.5,4.456658291457287,0.485678391959799,2334.8628288727346,3705.6004643746237,0.039575788929125714,0.01603724780134506
optimistic,0,5,oracle,3980,-0.39899497487437185,0.3065409000816112,-0.5,-0.5,0.5,-2.487437185929648,0.0,,0.0,,
optimistic,0,15,always_cross,3980,0.5027638190954774,0.037075817357263514,0.5,0.5,0.5,8.784547738693467,0.0,,0.0,,
optimistic,0,15,always_post,3980,-0.23040201005025127,1.056487201309256,-0.5,-0.5,-0.5,-0.3800251256281407,0.9258793969849246,1654.0276268355499,2643.2391469570334,0.041791044776119404,0.0824966078697422
optimistic,0,15,model_cost,3980,-0.2685929648241206,0.5964151347583659,-0.5,-0.5,0.5,-0.8574120603015075,0.8515075376884422,1377.827081211274,1340.0643161369358,0.05163765122455002,0.10932428444969017
optimistic,0,15,model_direction,3980,-0.21306532663316582,0.538262216186481,-0.5,-0.5,0.5,-0.16331658291457288,0.7454773869346734,1311.2958487650824,1259.890649066835,0.0839231547017189,0.20020222446916078
optimistic,0,15,new_level,3980,-0.11130653266331658,0.9741818157359641,-1.5,0.0,0.5,1.1086683417085428,0.8462311557788945,5094.279410588183,6617.470616799254,0.036520190023752966,0.01944774346793349
optimistic,0,15,oracle,3980,-0.4278894472361809,0.2656530981829697,-0.5,-0.5,-0.5,-2.8486180904522613,0.0,,0.0,,
optimistic,0,30,always_cross,3980,0.5027638190954774,0.037075817357263514,0.5,0.5,0.5,8.784547738693467,0.0,,0.0,,
optimistic,0,30,always_post,3980,-0.2062814070351759,1.3005443758257018,-0.5,-0.5,-0.5,-0.0785175879396985,0.9414572864321608,1979.5115462065662,3619.9069757879397,0.04016546570589805,0.08433413397384575
optimistic,0,30,model_cost,3980,-0.26683417085427136,0.5929810849559598,-0.5,-0.5,0.5,-0.835427135678392,0.8469849246231156,1375.8177395749055,1334.0782914841718,0.0535449421536636,0.11420943340255117
optimistic,0,30,model_direction,3980,-0.21532663316582915,0.5345478568409947,-0.5,-0.5,0.5,-0.19158291457286433,0.7464824120603015,1338.7679653271625,1274.2411118057796,0.08465163244698755,0.19976438909458094
optimistic,0,30,new_level,3980,-0.20050251256281407,1.1071631553523216,-1.5,-0.5,0.5,-0.00628140703517588,0.9680904522613065,7016.290693470813,7749.6904627997565,0.03957954840384116,0.021411886841422267
optimistic,0,30,oracle,3980,-0.4439698492462312,0.23779864829391303,-0.5,-0.5,-0.5,-3.0496231155778895,0.0,,0.0,,
optimistic,1,5,always_cross,3980,0.5030150753768844,0.04331053842017131,0.5,0.5,0.5,8.787688442211055,0.0,,1.0,,
optimistic,1,5,always_post,3980,-0.2608040201005025,0.7542766444613769,-0.5,-0.5,0.5,-0.7600502512562815,0.8979899497487437,1426.5783830579194,1791.205311821357,0.0400111919418019,0.0808617795187465
optimistic,1,5,model_cost,3980,-0.2685929648241206,0.6118076908361205,-0.5,-0.5,0.5,-0.8574120603015075,0.8610552763819096,1366.416284706451,1368.3446250474888,0.048730668222935515,0.1019842427779399
optimistic,1,5,model_direction,3980,-0.20100502512562815,0.549553951024446,-0.5,-0.5,0.5,-0.01256281407035176,0.7381909547738693,1239.9625642052415,1184.6236215163335,0.08424098025867938,0.19996596324029953
optimistic,1,5,new_level,3980,0.15603015075376883,0.7332969194321854,-0.5,0.5,0.5,4.450376884422111,0.48542713567839196,2336.210724265009,3707.438974693468,0.040372670807453416,0.016821946169772256
optimistic,1,5,oracle,3980,-0.3992462311557789,0.3086658815973899,-0.5,-0.5,0.5,-2.4905778894472363,0.0,,0.0,,
optimistic,1,15,always_cross,3980,0.5030150753768844,0.04331053842017131,0.5,0.5,0.5,8.787688442211055,0.0,,1.0,,
optimistic,1,15,always_post,3980,-0.23090452261306532,1.0568531656059503,-0.5,-0.5,-0.5,-0.3863065326633166,0.9258793969849246,1655.1531391818182,2644.355356252511,0.041791044776119404,0.0824966078697422
optimistic,1,15,model_cost,3980,-0.2685929648241206,0.5980982932468323,-0.5,-0.5,0.5,-0.8574120603015075,0.8515075376884422,1378.9882928619086,1341.201589072614,0.05163765122455002,0.10932428444969017
optimistic,1,15,model_direction,3980,-0.21331658291457287,0.5395618332302106,-0.5,-0.5,0.5,-0.16645728643216082,0.7454773869346734,1312.4924385925174,1261.0372023376895,0.0839231547017189,0.20020222446916078
optimistic,1,15,new_level,3980,-0.11130653266331658,0.9741818157359641,-1.5,0.0,0.5,1.1086683417085428,0.8457286432160804,5090.625162666667,6619.512135059305,0.036690433749257276,0.0196078431372549
optimistic,1,15,oracle,3980,-0.42814070351758793,0.2680752657915043,-0.5,-0.5,-0.5,-2.851758793969849,0.0,,0.0,,
optimistic,1,30,always_cross,3980,0.5030150753768844,0.04331053842017131,0.5,0.5,0.5,8.787688442211055,0.0,,1.0,,
optimistic,1,30,always_post,3980,-0.20678391959798995,1.3008510016590795,-0.5,-0.5,-0.5,-0.08479899497487438,0.9414572864321608,1980.6184351833474,3621.0076071939698,0.04016546570589805,0.08433413397384575
optimistic,1,30,model_cost,3980,-0.26683417085427136,0.5946739632197469,-0.5,-0.5,0.5,-0.835427135678392,0.8469849246231156,1376.9851517030575,1335.2200870329154,0.0535449421536636,0.11420943340255117
optimistic,1,30,model_direction,3980,-0.2155778894472362,0.535855421860729,-0.5,-0.5,0.5,-0.19472361809045227,0.7464824120603015,1339.9629441282393,1275.3866600515082,0.08465163244698755,0.19976438909458094
optimistic,1,30,new_level,3980,-0.20050251256281407,1.1071631553523216,-1.5,-0.5,0.5,-0.00628140703517588,0.9680904522613065,7019.700046085399,7753.022934062068,0.0400986244484817,0.022969114975343888
optimistic,1,30,oracle,3980,-0.4442211055276382,0.2404847064795375,-0.5,-0.5,-0.5,-3.0527638190954773,0.0,,0.0,,
optimistic,10,5,always_cross,3980,0.5015075376884423,0.048839137127646384,0.5,0.5,0.5,8.768844221105528,0.0,,10.0,,
optimistic,10,5,always_post,3980,-0.2613065326633166,0.7526014539496285,-0.5,-0.5,0.5,-0.7663316582914573,0.8982412060301508,1436.1901694092326,1799.8567476477394,0.03972027972027972,0.08167832167832167
optimistic,10,5,model_cost,3980,-0.2685929648241206,0.6113967711006029,-0.5,-0.5,0.5,-0.8574120603015075,0.8610552763819096,1374.902714084333,1379.0380907454792,0.04843886781441494,0.10227604318646046
optimistic,10,5,model_direction,3980,-0.20025125628140703,0.5498291330793046,-0.5,-0.5,0.5,-0.00314070351758794,0.7381909547738693,1250.186381651804,1194.5270324856806,0.08492171545268891,0.20302927161334242
optimistic,10,5,new_level,3980,0.16105527638190956,0.7375103251672969,-0.5,0.5,0.5,4.51319095477387,0.4806532663316583,2355.1154979325643,3733.9210923479905,0.03423941453214846,0.015420805018295871
optimistic,10,5,oracle,3980,-0.39949748743718594,0.30670606277127477,-0.5,-0.5,0.5,-2.4937185929648242,0.0,,0.0,,
optimistic,10,15,always_cross,3980,0.5015075376884423,0.048839137127646384,0.5,0.5,0.5,8.768844221105528,0.0,,10.0,,
optimistic,10,15,always_post,3980,-0.2314070351758794,1.0562674662185518,-0.5,-0.5,-0.5,-0.3925879396984925,0.9261306532663317,1665.398850955508,2651.155820256781,0.041101465002712965,0.08233857840477482
optimistic,10,15,model_cost,3980,-0.26884422110552764,0.596933750800039,-0.5,-0.5,0.5,-0.8605527638190955,0.8515075376884422,1388.5302875057566,1354.3691317479916,0.051490115078194156,0.11035703747418117
optimistic,10,15,model_direction,3980,-0.21306532663316582,0.5412886161050081,-0.5,-0.5,0.5,-0.16331658291457288,0.7457286432160805,1324.4968616256733,1270.5343430414584,0.08456873315363882,0.2028301886792453
optimistic,10,15,new_level,3980,-0.11055276381909548,0.9879719942652861,-1.5,0.5,0.5,1.1180904522613064,0.8434673366834171,5134.298005944293,6680.1679411947325,0.032469466785820675,0.018617813523979745
optimistic,10,15,oracle,3980,-0.4278894472361809,0.2703419368949771,-0.5,-0.5,-0.5,-2.8486180904522613,0.0,,0.0,,
optimistic,10,30,always_cross,3980,0.5015075376884423,0.048839137127646384,0.5,0.5,0.5,8.768844221105528,0.0,,10.0,,
optimistic,10,30,always_post,3980,-0.20728643216080403,1.2978696459431518,-0.5,-0.5,-0.5,-0.09108040201005026,0.9414572864321608,1983.443324853217,3624.1940045791457,0.03949826527888978,0.08420069388844409
optimistic,10,30,model_cost,3980,-0.2670854271356784,0.5930798446879751,-0.5,-0.5,0.5,-0.8385678391959799,0.8469849246231156,1386.4352092399906,1347.679168429147,0.05339661821417977,0.115247700978938
optimistic,10,30,model_direction,3980,-0.21532663316582915,0.53759516720688,-0.5,-0.5,0.5,-0.19158291457286433,0.7467336683417085,1351.941967364064,1284.8747555291473,0.08529609690444145,0.20238896366083445
optimistic,10,30,new_level,3980,-0.19924623115577889,1.12629225311656,-1.5,-0.5,0.5,0.009422110552763818,0.9670854271356784,7081.324986312301,7836.012530732673,0.03598337230449467,0.021174330995063655
optimistic,10,30,oracle,3980,-0.4434673366834171,0.24394149259698963,-0.5,-0.5,-0.5,-3.0433417085427137,0.0,,0.0,,
optimistic,100,5,always_cross,3980,0.5042713567839195,0.1688386978437959,0.5,0.5,0.5,8.803391959798995,0.0,,100.0,,
optimistic,100,5,always_post,3980,-0.25753768844221103,0.7613634199164779,-0.5,-0.5,0.5,-0.7192211055276382,0.8979899497487437,1521.5452299594308,1886.5835808731172,0.041969781757134866,0.08393956351426973
optimistic,100,5,model_cost,3980,-0.2623115577889447,0.6310725069988444,-0.5,-0.5,0.5,-0.7788944723618091,0.857537688442211,1463.5104735505436,1473.7842327206045,0.05010254907705831,0.10474655728098448
optimistic,100,5,model_direction,3980,-0.18090452261306533,0.5953342810448019,-0.5,-0.5,0.5,0.23869346733668342,0.7309045226130654,1339.4592349762788,1290.3484709914583,0.08731522860089377,0.21313166036438638
optimistic,100,5,new_level,3980,0.1798994974874372,0.8059673084479014,-0.5,0.5,0.5,4.748743718592965,0.41457286432160806,2555.399793439997,4045.077803813068,0.02909090909090909,-0.014848484848484849
optimistic,100,5,oracle,3980,-0.3969849246231156,0.33639269464447746,-0.5,-0.5,0.5,-2.4623115577889445,0.0,,0.0,,
optimistic,100,15,always_cross,3980,0.5042713567839195,0.1688386978437959,0.5,0.5,0.5,8.803391959798995,0.0,,100.0,,
optimistic,100,15,always_post,3980,-0.22964824120603014,1.0440898071491425,-0.5,-0.5,-0.5,-0.3706030150753769,0.9253768844221105,1741.4014649527571,2738.2617073922106,0.044257398859625305,0.08525658430627206
optimistic,100,15,model_cost,3980,-0.2620603015075377,0.6205355463585105,-0.5,-0.5,0.5,-0.7757537688442211,0.8487437185929648,1480.0014808688582,1447.2097995917097,0.05284191829484902,0.11486086441681469
optimistic,100,15,model_direction,3980,-0.19396984924623115,0.587367065351934,-0.5,-0.5,0.5,0.07537688442211055,0.7389447236180905,1416.8796907375026,1365.8776810198503,0.0870452227133628,0.21421285277116628
optimistic,100,15,new_level,3980,-0.11984924623115578,1.159045190054306,-1.5,-0.5,0.5,1.0018844221105527,0.8022613065326634,5645.379219656118,7514.923579990456,0.03272784215471344,0.004071406201064829
optimistic,100,15,oracle,3980,-0.4248743718592965,0.3012237072943,-0.5,-0.5,-0.5,-2.810929648241206,0.0,,0.0,,
optimistic,100,30,always_cross,3980,0.5042713567839195,0.1688386978437959,0.5,0.5,0.5,8.803391959798995,0.0,,100.0,,
optimistic,100,30,always_post,3980,-0.20050251256281407,1.3094374891794478,-0.5,-0.5,-0.5,-0.00628140703517588,0.9407035175879397,2058.4618907844565,3721.2264620846745,0.042868589743589744,0.08827457264957266
optimistic,100,30,model_cost,3980,-0.2600502512562814,0.6161004718325137,-0.5,-0.5,0.5,-0.7506281407035176,0.8437185929648241,1480.1338356834437,1441.517442267589,0.0549434187016081,0.12179868969624777
optimistic,100,30,model_direction,3980,-0.19623115577889447,0.5848990752320086,-0.5,-0.5,0.5,0.0471105527638191,0.7399497487437185,1442.2338764030549,1378.4871271374382,0.08743633276740238,0.2134125636672326
optimistic,100,30,new_level,3980,-0.2228643216080402,1.3485184359275952,-1.5,-0.5,0.5,-0.2858040201005025,0.9479899497487437,7917.151932777374,9070.882975469605,0.033130135170951494,0.007818711900344553
optimistic,100,30,oracle,3980,-0.4402010050251256,0.2796920717283214,-0.5,-0.5,-0.5,-3.0025125628140703,0.0,,0.0,,
pessimistic,0,5,always_cross,3980,0.5027638190954774,0.037075817357263514,0.5,0.5,0.5,8.784547738693467,0.0,,0.0,,
pessimistic,0,5,always_post,3980,0.02386934673366834,0.9145761109356724,-0.5,-0.5,1.5,2.7983668341708543,0.6939698492462312,1960.5253409565553,2890.696229075879,0.08435916002896451,0.18482983345401882
pessimistic,0,5,model_cost,3980,-0.044221105527638194,0.6173981444886915,-0.5,-0.5,0.5,1.9472361809045227,0.607286432160804,1780.1433115796467,1603.6071316804039,0.10529582126603228,0.23893256102606536
pessimistic,0,5,model_direction,3980,-0.03743718592964824,0.6273329135253302,-0.5,-0.5,0.5,2.032035175879397,0.5984924623115578,1783.6006310487007,1905.7253023010055,0.11628883291351805,0.2716204869857263
pessimistic,0,5,new_level,3980,0.1771356783919598,0.7505747729271403,-0.5,0.5,0.5,4.714195979899498,0.4701005025125628,2361.158838561196,3759.479443956786,0.034206306787814,0.02164617851416355
pessimistic,0,5,oracle,3980,-0.19497487437185929,0.46278968159539047,-0.5,-0.5,0.5,0.06281407035175879,0.0,,0.0,,
pessimistic,0,15,always_cross,3980,0.5027638190954774,0.037075817357263514,0.5,0.5,0.5,8.784547738693467,0.0,,0.0,,
pessimistic,0,15,always_post,3980,-0.015577889447236181,1.3309521287223514,-0.5,-0.5,1.5,2.3052763819095476,0.8560301507537689,3112.5693603671853,4824.000957480155,0.07469914881127092,0.15482829468740827
pessimistic,0,15,model_cost,3980,-0.08492462311557789,0.6192431227582766,-0.5,-0.5,0.5,1.4384422110552764,0.6510050251256282,2147.0186351196467,1708.084242109298,0.10073330760324199,0.22539560015438054
pessimistic,0,15,model_direction,3980,-0.10251256281407035,0.6184063853929815,-0.5,-0.5,0.5,1.2185929648241205,0.657537688442211,2263.9553420542616,2159.3017914964807,0.11215131830340085,0.257737867787543
pessimistic,0,15,new_level,3980,-0.09472361809045227,1.0016057974100154,-1.5,0.5,0.5,1.3159547738693467,0.8394472361809046,5199.858479792279,6773.298286679909,0.02828494462735708,0.014366956001197246
pessimistic,0,15,oracle,3980,-0.35804020100502515,0.35387941342781143,-0.5,-0.5,0.5,-1.975502512562814,0.0,,0.0,,
pessimistic,0,30,always_cross,3980,0.5027638190954774,0.037075817357263514,0.5,0.5,0.5,8.784547738693467,0.0,,0.0,,
pessimistic,0,30,always_post,3980,0.02085427135678392,1.647709239823304,-0.5,-0.5,1.5,2.760678391959799,0.8886934673366834,3792.8216935168225,6709.851841700766,0.07280180944303082,0.15592309867119028
pessimistic,0,30,model_cost,3980,-0.07688442211055277,0.6102857505871605,-0.5,-0.5,0.5,1.5389447236180904,0.6376884422110553,2133.0691110732882,1668.9018602773879,0.10441292356185973,0.23364854215918046
pessimistic,0,30,model_direction,3980,-0.10577889447236181,0.6137748357410693,-0.5,-0.5,0.5,1.1777638190954773,0.6587939698492462,2303.4906837776507,2196.168988157033,0.11231884057971014,0.2568649885583524
pessimistic,0,30,new_level,3980,-0.1801507537688442,1.1521947008589928,-1.5,-0.5,0.5,0.24811557788944724,0.9628140703517588,7155.835484881015,8005.316979413075,0.0322286012526096,0.02009394572025052
pessimistic,0,30,oracle,3980,-0.3912060301507538,0.3164232959192022,-0.5,-0.5,0.5,-2.3900753768844223,0.0,,0.0,,
pessimistic,1,5,always_cross,3980,0.5030150753768844,0.04331053842017131,0.5,0.5,0.5,8.787688442211055,0.0,,1.0,,
pessimistic,1,5,always_post,3980,0.02336683417085427,0.9151385048953098,-0.5,-0.5,1.5,2.7920854271356785,0.6939698492462312,1962.4140621299803,2892.3129747746225,0.08435916002896451,0.18482983345401882
pessimistic,1,5,model_cost,3980,-0.04447236180904523,0.6186001091081703,-0.5,-0.5,0.5,1.9440954773869348,0.607286432160804,1782.3016267972719,1605.310560796233,0.10529582126603228,0.23893256102606536
pessimistic,1,5,model_direction,3980,-0.03743718592964824,0.6281336339507275,-0.5,-0.5,0.5,2.032035175879397,0.5982412060301507,1785.7686177316275,1907.4155976932163,0.11633767324653507,0.2721545569088618
pessimistic,1,5,new_level,3980,0.17688442211055277,0.7502991556902135,-0.5,0.5,0.5,4.711055276381909,0.4695979899497487,2362.884866219903,3762.1464359208558,0.03504547886570358,0.021669341894060994
pessimistic,1,5,oracle,3980,-0.19522613065326633,0.464310392797877,-0.5,-0.5,0.5,0.059673366834170856,0.0,,0.0,,
pessimistic,1,15,always_cross,3980,0.5030150753768844,0.04331053842017131,0.5,0.5,0.5,8.787688442211055,0.0,,1.0,,
pessimistic,1,15,always_post,3980,-0.016080402010050253,1.3313237525001895,-0.5,-0.5,1.5,2.298994974874372,0.8560301507537689,3114.100516187849,4825.455642877392,0.07469914881127092,0.15482829468740827
pessimistic,1,15,model_cost,3980,-0.08517587939698493,0.620425025353225,-0.5,-0.5,0.5,1.4353015075376885,0.6510050251256282,2149.0320075167906,1709.7439526321623,0.10073330760324199,0.22539560015438054
pessimistic,1,15,model_direction,3980,-0.10251256281407035,0.619218648946218,-0.5,-0.5,0.5,1.2185929648241205,0.6572864321608041,2266.112196413227,2160.9330416625608,0.11219418960244648,0.25821865443425074
pessimistic,1,15,new_level,3980,-0.09396984924623115,1.003181077139875,-1.5,0.5,0.5,1.3253768844221105,0.8386934673366834,5195.988107126722,6777.600578288702,0.029059316956261235,0.01408028759736369
pessimistic,1,15,oracle,3980,-0.35829145728643214,0.35575065389688937,-0.5,-0.5,0.5,-1.978643216080402,0.0,,0.0,,
pessimistic,1,30,always_cross,3980,0.5030150753768844,0.04331053842017131,0.5,0.5,0.5,8.787688442211055,0.0,,1.0,,
pessimistic,1,30,always_post,3980,0.02035175879396985,1.6480205485547885,-0.5,-0.5,1.5,2.754396984924623,0.8886934673366834,3794.296572759401,6711.273863781419,0.07280180944303082,0.15592309867119028
pessimistic,1,30,model_cost,3980,-0.0771356783919598,0.6114882710962498,-0.5,-0.5,0.5,1.5358040201005025,0.6376884422110553,2135.124527890073,1670.5748873831667,0.10441292356185973,0.23364854215918046
pessimistic,1,30,model_direction,3980,-0.10577889447236181,0.6145932205100733,-0.5,-0.5,0.5,1.1777638190954773,0.6585427135678392,2305.658507640596,2197.7989820417065,0.11236169400991988,0.2573445249904617
pessimistic,1,30,new_level,3980,-0.1793969849246231,1.153620191313605,-1.5,-0.5,0.5,0.25753768844221103,0.9625628140703517,7159.628574957726,8014.745243885184,0.03328112764291308,0.020751761942051684
pessimistic,1,30,oracle,3980,-0.3914572864321608,0.31848849314546684,-0.5,-0.5,0.5,-2.39321608040201,0.0,,0.0,,
pessimistic,10,5,always_cross,3980,0.5015075376884423,0.048839137127646384,0.5,0.5,0.5,8.768844221105528,0.0,,10.0,,
pessimistic,10,5,always_post,3980,0.02437185929648241,0.9141505655572995,-0.5,-0.5,1.5,2.80464824120603,0.6934673366834171,1970.9493848670318,2902.5176638776375,0.08188405797101449,0.18496376811594203
pessimistic,10,5,model_cost,3980,-0.044221105527638194,0.6190242517333328,-0.5,-0.5,0.5,1.9472361809045227,0.607035175879397,1792.7246583286446,1616.1087373170876,0.10223509933774834,0.2392384105960265
pessimistic,10,5,model_direction,3980,-0.03542713567839196,0.6302472166749334,-0.5,-0.5,0.5,2.0571608040201004,0.5979899497487438,1792.5039377567248,1916.811399965076,0.11428571428571428,0.2718487394957983
pessimistic,10,5,new_level,3980,0.1836683417085427,0.7604905828922339,-0.5,0.5,0.5,4.7958542713567835,0.46407035175879396,2387.5698206242546,3793.0079041942236,0.028695181375203032,0.020032485110990796
pessimistic,10,5,oracle,3980,-0.19472361809045227,0.46289548301208155,-0.5,-0.5,0.5,0.06595477386934673,0.0,,0.0,,
pessimistic,10,15,always_cross,3980,0.5015075376884423,0.048839137127646384,0.5,0.5,0.5,8.768844221105528,0.0,,10.0,,
pessimistic,10,15,always_post,3980,-0.015326633165829147,1.3313326457221129,-0.5,-0.5,1.5,2.3084170854271355,0.8557788944723618,3121.563166691721,4836.126669786939,0.07207868467410453,0.15311215502055198
pessimistic,10,15,model_cost,3980,-0.085678391959799,0.6203558124894107,-0.5,-0.5,0.5,1.4290201005025125,0.6507537688442211,2161.9737380972997,1722.653764239198,0.09806949806949807,0.22355212355212356
pessimistic,10,15,model_direction,3980,-0.10150753768844221,0.6224199735441233,-0.5,-0.5,0.5,1.2311557788944723,0.657537688442211,2275.7525085009565,2169.7925413937173,0.11004967520061139,0.25640045854031335
pessimistic,10,15,new_level,3980,-0.08944723618090453,1.0296749028743726,-1.5,0.5,0.5,1.3819095477386936,0.835427135678392,5246.08734705143,6852.962419333174,0.021954887218045113,0.011578947368421053
pessimistic,10,15,oracle,3980,-0.35753768844221107,0.3572126424333736,-0.5,-0.5,0.5,-1.9692211055276383,0.0,,0.0,,
pessimistic,10,30,always_cross,3980,0.5015075376884423,0.048839137127646384,0.5,0.5,0.5,8.768844221105528,0.0,,10.0,,
pessimistic,10,30,always_post,3980,0.02035175879396985,1.6468764182700393,-0.5,-0.5,1.5,2.754396984924623,0.8886934673366834,3805.441119384224,6722.179708357299,0.0702572801809443,0.15422674582979926
pessimistic,10,30,model_cost,3980,-0.07738693467336684,0.611456516159332,-0.5,-0.5,0.5,1.5326633165829147,0.6371859296482412,2148.109674403394,1679.1573201726144,0.10173501577287067,0.23107255520504733
pessimistic,10,30,model_direction,3980,-0.10477386934673368,0.6178238277224639,-0.5,-0.5,0.5,1.190326633165829,0.6587939698492462,2315.265353720825,2206.6471752402,0.11022120518688025,0.2555301296720061
pessimistic,10,30,new_level,3980,-0.17763819095477387,1.170113485515794,-1.5,-0.5,0.5,0.2795226130653266,0.9610552763819096,7233.938714255435,8120.946126137442,0.02679738562091503,0.01699346405228758
pessimistic,10,30,oracle,3980,-0.3907035175879397,0.32137397843676424,-0.5,-0.5,0.5,-2.383793969849246,0.0,,0.0,,
pessimistic,100,5,always_cross,3980,0.5042713567839195,0.1688386978437959,0.5,0.5,0.5,8.803391959798995,0.0,,100.0,,
pessimistic,100,5,always_post,3980,0.026884422110552763,0.9133924908718277,-0.5,-0.5,1.5,2.8360552763819094,0.6914572864321608,2048.202461329943,2989.812355170854,0.0833938953488372,0.18859011627906977
pessimistic,100,5,model_cost,3980,-0.028391959798994976,0.6442062449147096,-0.5,-0.5,0.5,2.145100502512563,0.5984924623115578,1887.1790695747277,1711.007674303269,0.10957178841309824,0.2531486146095718
pessimistic,100,5,model_direction,3980,-0.01407035175879397,0.6689749880467851,-0.5,-0.5,0.5,2.3241206030150754,0.5907035175879397,1884.1673340701836,2016.1626639193476,0.12058698426201617,0.29008932369204593
pessimistic,100,5,new_level,3980,0.22889447236180904,0.8523841371029957,-0.5,0.5,0.5,5.361180904522613,0.3816582914572864,2652.976051676762,4166.073020727891,0.027649769585253458,0.012179065174456879
pessimistic,100,5,oracle,3980,-0.1914572864321608,0.4794362809162781,-0.5,-0.5,0.5,0.10678391959798995,0.0,,0.0,,
pessimistic,100,15,always_cross,3980,0.5042713567839195,0.1688386978437959,0.5,0.5,0.5,8.803391959798995,0.0,,100.0,,
pessimistic,100,15,always_post,3980,-0.018090452261306532,1.315918114626594,-0.5,-0.5,1.5,2.2738693467336684,0.8562814070351759,3200.4367949342727,4910.625275662317,0.07409037558685445,0.15830399061032863
pessimistic,100,15,model_cost,3980,-0.07236180904522613,0.6464199161269424,-0.5,-0.5,0.5,1.5954773869346734,0.6447236180904523,2271.1404150027306,1820.9538454515096,0.10327357755261107,0.23538581449727203
pessimistic,100,15,model_direction,3980,-0.078643216080402,0.6703209318213232,-0.5,-0.5,0.5,1.5169597989949748,0.6520100502512562,2377.4183155395,2268.8192283479902,0.11483622350674373,0.27379576107899806
pessimistic,100,15,new_level,3980,-0.06457286432160804,1.2498710437496574,-1.5,0.5,0.5,1.6928391959798994,0.7809045226130653,5888.188027722327,7906.45436938718,0.014317889317889318,-0.00048262548262548264
pessimistic,100,15,oracle,3980,-0.35628140703517586,0.37858380992456536,-0.5,-0.5,0.5,-1.9535175879396984,0.0,,0.0,,
pessimistic,100,30,always_cross,3980,0.5042713567839195,0.1688386978437959,0.5,0.5,0.5,8.803391959798995,0.0,,100.0,,
pessimistic,100,30,always_post,3980,0.027135678391959798,1.6591699044205879,-0.5,-0.5,1.5,2.8391959798994977,0.8886934673366834,3867.499156916031,6787.347868847248,0.07237772123268306,0.1594571670907549
pessimistic,100,30,model_cost,3980,-0.061306532663316586,0.6421058135975571,-0.5,-0.5,0.5,1.7336683417085428,0.6304020100502512,2252.707020987647,1774.3447024266352,0.10721402949382224,0.24432044639298525
pessimistic,100,30,model_direction,3980,-0.08165829145728644,0.6665755466229711,-0.5,-0.5,0.5,1.4792713567839195,0.6532663316582915,2417.0699890515393,2303.4879325462316,0.115,0.2728846153846154
pessimistic,100,30,new_level,3980,-0.16180904522613065,1.4777647424564377,-1.5,-0.5,0.5,0.47738693467336685,0.9326633165829146,8264.724411425648,9735.039451058288,0.017914870689655173,0.006869612068965517
pessimistic,100,30,oracle,3980,-0.3886934673366834,0.3477537895881877,-0.5,-0.5,0.5,-2.3586683417085426,0.0,,0.0,,
proportional,0,5,always_cross,3980,0.5027638190954774,0.037075817357263514,0.5,0.5,0.5,8.784547738693467,0.0,,0.0,,
proportional,0,5,always_post,3980,-0.14296482412060302,0.8588719193696597,-0.5,-0.5,1.5,0.7129396984924623,0.8266331658291457,1782.603682779637,2340.3934965690946,0.0627659574468085,0.13632218844984803
proportional,0,5,model_cost,3980,-0.17386934673366833,0.6345546199778117,-0.5,-0.5,0.5,0.32663316582914576,0.7597989949748744,1650.393200297291,1577.2711149997508,0.07622354497354497,0.17377645502645503
proportional,0,5,model_direction,3980,-0.1407035175879397,0.5841385978692658,-0.5,-0.5,0.5,0.7412060301507538,0.6869346733668342,1565.681733553402,1516.601472244977,0.1014996342355523,0.2386613021214338
proportional,0,5,new_level,3980,0.1623115577889447,0.736382061674546,-0.5,0.5,0.5,4.528894472361809,0.4814070351758794,2352.0837044034442,3725.2744667429665,0.03549060542797495,0.011482254697286013
proportional,0,5,oracle,3980,-0.32763819095477387,0.38187767699845976,-0.5,-0.5,0.5,-1.5954773869346734,0.0,,0.0,,
proportional,0,15,always_cross,3980,0.5027638190954774,0.037075817357263514,0.5,0.5,0.5,8.784547738693467,0.0,,0.0,,
proportional,0,15,always_post,3980,-0.13869346733668342,1.1987617392425256,-0.5,-0.5,1.0499999999999545,0.7663316582914573,0.8992462311557788,2294.6548452598504,3574.7662540665838,0.06077116512992456,0.13020396758871194
proportional,0,15,model_cost,3980,-0.18768844221105527,0.6262051429384455,-0.5,-0.5,0.5,0.15389447236180903,0.7713567839195979,1766.7718185850197,1588.376754536685,0.0724755700325733,0.17100977198697068
proportional,0,15,model_direction,3980,-0.1635678391959799,0.5713740392313683,-0.5,-0.5,0.5,0.45540201005025127,0.7035175879396985,1704.8783342010731,1624.6631496891978,0.09839285714285714,0.23607142857142857
proportional,0,15,new_level,3980,-0.10628140703517588,0.9819357308646328,-1.5,0.25,0.5,1.1714824120603016,0.8442211055276382,5138.920899446131,6675.06890003493,0.036458333333333336,0.015476190476190477
proportional,0,15,oracle,3980,-0.4012562814070352,0.3044008772855711,-0.5,-0.5,0.5,-2.51570351758794,0.0,,0.0,,
proportional,0,30,always_cross,3980,0.5027638190954774,0.037075817357263514,0.5,0.5,0.5,8.784547738693467,0.0,,0.0,,
proportional,0,30,always_post,3980,-0.1092964824120603,1.463466127502104,-0.5,-0.5,-0.5,1.1337939698492463,0.9201005025125628,2748.4264136646602,4925.813448954774,0.059666848716548336,0.13285090114691425
proportional,0,30,model_cost,3980,-0.17964824120603015,0.6229367063514981,-0.5,-0.5,0.5,0.2543969849246231,0.7603015075376884,1756.5119390865857,1561.546514491459,0.07452081956378057,0.18027098479841375
proportional,0,30,model_direction,3980,-0.1663316582914573,0.567483752234615,-0.5,-0.5,0.5,0.42085427135678394,0.7047738693467337,1741.9624845896633,1642.2625048427155,0.09910873440285205,0.23511586452762923
proportional,0,30,new_level,3980,-0.1922110552763819,1.1268455909547357,-1.5,-0.5,0.5,0.09736180904522614,0.9658291457286432,7058.245547620718,7842.184895742221,0.04058272632674298,0.019250780437044746
proportional,0,30,oracle,3980,-0.4226130653266332,0.273971298607297,-0.5,-0.5,-0.5,-2.7826633165829144,0.0,,0.0,,
proportional,1,5,always_cross,3980,0.5030150753768844,0.04331053842017131,0.5,0.5,0.5,8.787688442211055,0.0,,1.0,,
proportional,1,5,always_post,3980,-0.14346733668341707,0.8593731899801385,-0.5,-0.5,1.5,0.7066582914572864,0.8266331658291457,1784.4088645079046,2342.0590864902,0.0627659574468085,0.13632218844984803
proportional,1,5,model_cost,3980,-0.17361809045226131,0.6362055104246735,-0.5,-0.5,0.5,0.3297738693467337,0.7595477386934674,1652.3439742920966,1578.2017171570371,0.07624875951042011,0.17383393979490572
proportional,1,5,model_direction,3980,-0.14045226130653266,0.5850588339115013,-0.5,-0.5,0.5,0.7443467336683417,0.6864321608040201,1567.7095109447298,1518.2739658042735,0.10157393850658858,0.23920204978038068
proportional,1,5,new_level,3980,0.16180904522613065,0.7361513550286537,-0.5,0.5,0.5,4.522613065326633,0.48115577889447236,2355.306429626109,3728.009249430654,0.035509138381201046,0.010443864229765013
proportional,1,5,oracle,3980,-0.3278894472361809,0.3836322847744735,-0.5,-0.5,0.5,-1.5986180904522613,0.0,,0.0,,
proportional,1,15,always_cross,3980,0.5030150753768844,0.04331053842017131,0.5,0.5,0.5,8.787688442211055,0.0,,1.0,,
proportional,1,15,always_post,3980,-0.13869346733668342,1.1993905219042358,-0.5,-0.5,1.5,0.7663316582914573,0.8989949748743719,2295.553539083008,3578.867478100252,0.06106763555058692,0.13051984348798212
proportional,1,15,model_cost,3980,-0.18668341708542713,0.6285080930243591,-0.5,-0.5,0.5,0.16645728643216082,0.7706030150753769,1766.9900530388034,1589.7038926306548,0.07287251385718943,0.17150309748940332
proportional,1,15,model_direction,3980,-0.16331658291457288,0.5723248402971806,-0.5,-0.5,0.5,0.4585427135678392,0.7030150753768845,1706.9577770296655,1626.3190603339215,0.09846318799142244,0.2365975696926376
proportional,1,15,new_level,3980,-0.10628140703517588,0.9819357308646328,-1.5,0.25,0.5,1.1714824120603016,0.8437185929648241,5136.829281711437,6678.415760800759,0.03648004764740917,0.014592019058963668
proportional,1,15,oracle,3980,-0.4012562814070352,0.3068677413058851,-0.5,-0.5,0.5,-2.51570351758794,0.0,,0.0,,
proportional,1,30,always_cross,3980,0.5030150753768844,0.04331053842017131,0.5,0.5,0.5,8.787688442211055,0.0,,1.0,,
proportional,1,30,always_post,3980,-0.10979899497487437,1.4637719283256876,-0.5,-0.5,-0.5,1.1275125628140703,0.9201005025125628,2753.3955643224976,4930.465466469597,0.0599399235390497,0.133397050791917
proportional,1,30,model_cost,3980,-0.17889447236180905,0.6251669062242078,-0.5,-0.5,0.5,0.2638190954773869,0.7597989949748744,1757.2798001117753,1563.434702396484,0.07490079365079365,0.18072089947089948
proportional,1,30,model_direction,3980,-0.16608040201005025,0.5684422823530676,-0.5,-0.5,0.5,0.4239949748743719,0.7042713567839196,1744.0646784302548,1643.917159206032,0.09917945058865502,0.23564038530146272
proportional,1,30,new_level,3980,-0.1922110552763819,1.1268455909547357,-1.5,-0.5,0.5,0.09736180904522614,0.9658291457286432,7063.171946837939,7846.977126543979,0.040972944849115504,0.019901144640998958
proportional,1,30,oracle,3980,-0.4228643216080402,0.2763253591874986,-0.5,-0.5,-0.5,-2.7858040201005023,0.0,,0.0,,
proportional,10,5,always_cross,3980,0.5015075376884423,0.048839137127646384,0.5,0.5,0.5,8.768844221105528,0.0,,10.0,,
proportional,10,5,always_post,3980,-0.14346733668341707,0.8577632342084442,-0.5,-0.5,1.5,0.7066582914572864,0.8266331658291457,1792.801694367783,2350.557179515074,0.060790273556231005,0.13875379939209725
proportional,10,5,model_cost,3980,-0.17412060301507537,0.6348816802794035,-0.5,-0.5,0.5,0.3234924623115578,0.7597989949748744,1662.0914420796987,1590.1946032283938,0.07473544973544974,0.1767526455026455
proportional,10,5,model_direction,3980,-0.13919597989949747,0.5870739303805906,-0.5,-0.5,0.5,0.7600502512562815,0.6866834170854271,1575.2780859129173,1526.7474896482431,0.10062202707647273,0.24277350896450786
proportional,10,5,new_level,3980,0.16758793969849245,0.7428504572015427,-0.5,0.5,0.5,4.594849246231155,0.4756281407035176,2372.2830202731107,3755.427577230403,0.030903328050713153,0.012414157422081353
proportional,10,5,oracle,3980,-0.3278894472361809,0.3816619097569636,-0.5,-0.5,0.5,-1.5986180904522613,0.0,,0.0,,
proportional,10,15,always_cross,3980,0.5015075376884423,0.048839137127646384,0.5,0.5,0.5,8.768844221105528,0.0,,10.0,,
proportional,10,15,always_post,3980,-0.13768844221105528,1.1992968046952697,-0.5,-0.5,1.5,0.7788944723618091,0.8984924623115578,2301.95826667254,3591.9202918645724,0.05858501118568233,0.13185123042505592
proportional,10,15,model_cost,3980,-0.1886934673366834,0.6267055053270036,-0.5,-0.5,0.5,0.14133165829145727,0.771105527638191,1777.1881851665069,1600.70365333568,0.07135874877810362,0.17367220593027044
proportional,10,15,model_direction,3980,-0.1623115577889447,0.575893098532188,-0.5,-0.5,0.5,0.47110552763819097,0.7032663316582914,1714.8487564644538,1634.653685764826,0.09753483386923902,0.23972847445516257
proportional,10,15,new_level,3980,-0.10628140703517588,0.9930068326537034,-1.5,0.5,0.5,1.1714824120603016,0.8414572864321608,5183.726806345475,6741.610822726386,0.030158256195879366,0.012093162137951627
proportional,10,15,oracle,3980,-0.400251256281407,0.30899221214872785,-0.5,-0.5,0.5,-2.503140703517588,0.0,,0.0,,
proportional,10,30,always_cross,3980,0.5015075376884423,0.048839137127646384,0.5,0.5,0.5,8.768844221105528,0.0,,10.0,,
proportional,10,30,always_post,3980,-0.10979899497487437,1.4613662491649846,-0.5,-0.5,-0.5,1.1275125628140703,0.9198492462311558,2762.6964398352875,4946.588358351006,0.05736137667304015,0.1345260857689156
proportional,10,30,model_cost,3980,-0.17889447236180905,0.6251669062242081,-0.5,-0.5,0.5,0.2638190954773869,0.7603015075376884,1767.1334448185748,1575.2225638243735,0.07336417713152676,0.1832452081956378
proportional,10,30,model_direction,3980,-0.16507537688442211,0.5720396168920712,-0.5,-0.5,0.5,0.43655778894472363,0.7045226130653266,1751.9283533719708,1652.240478104273,0.0982524964336662,0.2387660485021398
proportional,10,30,new_level,3980,-0.192713567839196,1.139181848348088,-1.5,-0.5,0.5,0.09108040201005026,0.9650753768844221,7129.357585694618,7928.455398656539,0.035016922676386356,0.01653215308513408
proportional,10,30,oracle,3980,-0.42185929648241205,0.27966080108003416,-0.5,-0.5,-0.5,-2.773241206030151,0.0,,0.0,,
proportional,100,5,always_cross,3980,0.5042713567839195,0.1688386978437959,0.5,0.5,0.5,8.803391959798995,0.0,,100.0,,
proportional,100,5,always_post,3980,-0.14547738693467338,0.8543413361262165,-0.5,-0.5,1.5,0.6815326633165829,0.8271356783919598,1867.391810384266,2426.194432106784,0.061968408262454436,0.13684690157958687
proportional,100,5,model_cost,3980,-0.16683417085427135,0.656653864453048,-0.5,-0.5,0.5,0.41457286432160806,0.7562814070351759,1748.353393411629,1678.4657573288962,0.07458471760797342,0.17691029900332225
proportional,100,5,model_direction,3980,-0.11909547738693467,0.6297573390095097,-0.5,-0.5,0.5,1.0113065326633166,0.6798994974874372,1659.7903446278647,1619.294641347489,0.10218033998521803,0.25036954915003695
proportional,100,5,new_level,3980,0.19899497487437187,0.8237331549752952,-0.5,0.5,0.5,4.9874371859296485,0.4030150753768844,2607.17272466521,4095.353027729401,0.029925187032418952,-0.006234413965087282
proportional,100,5,oracle,3980,-0.3263819095477387,0.40340654841202805,-0.5,-0.5,0.5,-1.5797738693467336,0.0,,0.0,,
proportional,100,15,always_cross,3980,0.5042713567839195,0.1688386978437959,0.5,0.5,0.5,8.803391959798995,0.0,,100.0,,
proportional,100,15,always_post,3980,-0.14472361809045226,1.1763501807158623,-0.5,-0.5,0.5,0.6909547738693468,0.9,2365.646209909548,3639.0815889185974,0.059463986599664995,0.12883863763260747
proportional,100,15,model_cost,3980,-0.17914572864321607,0.6518612737773756,-0.5,-0.5,0.5,0.26067839195979897,0.7668341708542713,1863.5196159796867,1685.7441879321625,0.07208387942332896,0.17644167758846657
proportional,100,15,model_direction,3980,-0.14170854271356784,0.6214269835069098,-0.5,-0.5,0.5,0.7286432160804021,0.6969849246231156,1799.7387570796693,1724.3907819444742,0.09895457822638788,0.2476568132660418
proportional,100,15,new_level,3980,-0.09447236180904522,1.1953014314086519,-1.5,0.5,0.5,1.3190954773869348,0.7919597989949749,5740.508284475892,7687.658822278387,0.031725888324873094,0.009200507614213198
proportional,100,15,oracle,3980,-0.399748743718593,0.3323474462325087,-0.5,-0.5,0.5,-2.496859296482412,0.0,,0.0,,
proportional,100,30,always_cross,3980,0.5042713567839195,0.1688386978437959,0.5,0.5,0.5,8.803391959798995,0.0,,100.0,,
proportional,100,30,always_post,3980,-0.11055276381909548,1.4601910921569052,-0.5,-0.5,-0.5,1.1180904522613064,0.9208542713567839,2807.860106077217,4967.916404214323,0.05798090040927694,0.13287858117326057
proportional,100,30,model_cost,3980,-0.1685929648241206,0.6512064934493392,-0.5,-0.5,0.5,0.3925879396984925,0.7550251256281407,1850.7995334309494,1658.7694969748754,0.07504159733777038,0.18652246256239602
proportional,100,30,model_direction,3980,-0.1444723618090452,0.6187625962598523,-0.5,-0.5,0.5,0.6940954773869347,0.6982412060301507,1834.4877163033475,1740.110895378645,0.09949622166246852,0.24685138539042822
proportional,100,30,new_level,3980,-0.192713567839196,1.4109834383326014,-1.5,-0.5,0.5,0.09108040201005026,0.9407035175879397,8064.485922112985,9371.11439507311,0.03191773504273504,0.01655982905982906
proportional,100,30,oracle,3980,-0.4206030150753769,0.3091998740979713,-0.5,-0.5,-0.5,-2.757537688442211,0.0,,0.0,,
